<Ticker>,<Date>,<Open>,<High>,<Low>,<Close>,<Volume>
BID,6/25/2021,45.1,46,44.7,45.55,2572300
BID,6/24/2021,45.4,45.9,45,45.2,2110700
BID,6/23/2021,44.9,46.4,44.9,45.4,2574200
BID,6/22/2021,45.3,45.45,44.9,45,2781900
BID,6/21/2021,45,46,44.85,45,4237600
BID,6/18/2021,46.25,46.5,45.7,46.15,3200200
BID,6/17/2021,44.6,46.35,44.6,45.9,3579300
BID,6/16/2021,44.7,46.7,44.2,45.3,4217600
BID,6/15/2021,44.75,45.15,44,44.9,3257000
BID,6/14/2021,45.5,45.6,44.65,44.9,3394300
BID,6/11/2021,44,45.25,43.5,45.2,6390300
BID,6/10/2021,45.45,45.6,43.9,43.9,4463400
BID,6/9/2021,45,45.7,44,45.45,4454300
BID,6/8/2021,46.9,47.2,44.7,44.8,5685400
BID,6/7/2021,48.5,48.6,45.6,46.8,5275100
BID,6/4/2021,48.7,49.5,48,49,5939600
BID,6/3/2021,47.8,49.5,47.4,48.8,6715400
BID,6/2/2021,47.3,47.95,47.2,47.4,6043600
BID,6/1/2021,48.85,49,48,48,4096100
BID,5/31/2021,47.8,48.8,47.5,48.7,5597900
BID,5/28/2021,45.6,47.7,44.9,47.15,7857000
BID,5/27/2021,46.8,46.8,45.05,45.4,5862300
BID,5/26/2021,46.7,47.1,46.2,46.65,7369800
BID,5/25/2021,46.7,46.85,45.45,46.7,6329600
BID,5/24/2021,45.5,46.4,45.5,46,6994100
BID,5/21/2021,42,44.75,41.85,44.75,13027500
BID,5/20/2021,40.9,41.9,40,41.85,3495000
BID,5/19/2021,41,41.4,40.6,40.9,2872100
BID,5/18/2021,41.7,41.7,40.8,40.9,3903100
BID,5/17/2021,42.5,43,41.7,41.8,2992400
BID,5/14/2021,42.8,43,42.3,42.35,2724600
BID,5/13/2021,42.5,43.4,42,42.6,3483900
BID,5/12/2021,42,42.7,41.8,42.65,3331500
BID,5/11/2021,42,43.5,41.8,42.1,5349300
BID,5/10/2021,40.5,41.5,40.35,41.4,3027800
BID,5/7/2021,40.65,41.2,40.5,40.65,3706600
BID,5/6/2021,41.9,41.9,41.2,41.25,2246100
BID,5/5/2021,41.7,42.35,41.5,41.9,2692200
BID,5/4/2021,40,41.8,40,41.3,2171900
BID,4/29/2021,40.6,41.9,40.6,41,1949100
BID,4/28/2021,40.35,40.9,40.35,40.6,1379200
BID,4/27/2021,40.5,40.8,40.2,40.35,1978500
BID,4/26/2021,41.75,42,40.5,40.5,3328300
BID,4/23/2021,41,42.15,40.85,42,3078200
BID,4/22/2021,43.2,43.2,41,41,2929700
BID,4/20/2021,43.1,44,42.95,43.2,2676100
BID,4/19/2021,42,43.1,41.8,43,3194000
BID,4/16/2021,42.85,43.5,41.85,42,4667300
BID,4/15/2021,44.1,44.2,43,43.05,3705100
BID,4/14/2021,43.5,44.3,43,44,2839300
BID,4/13/2021,45,45.1,43.5,43.65,3952000
BID,4/12/2021,44.5,45.3,44.1,44.75,5149300
BID,4/9/2021,44.7,44.8,44.05,44.3,4489700
BID,4/8/2021,45.7,45.8,44.7,44.8,4412400
BID,4/7/2021,45.7,45.75,45.35,45.55,2609000
BID,4/6/2021,45.4,46.25,45.05,45.75,4113800
BID,4/5/2021,45.7,45.9,45.1,45.55,5969400
BID,4/2/2021,44.4,45.5,44.05,45,5794100
BID,4/1/2021,43,44,43,43.95,3706500
BID,3/31/2021,42.95,43.45,42.8,42.95,2170100
BID,3/30/2021,43,43.05,42.3,42.85,2304200
BID,3/29/2021,42.5,42.65,42.15,42.55,1347900
BID,3/26/2021,41.95,42.4,40.5,42.1,2445100
BID,3/25/2021,42.5,42.95,41.95,42.25,2369000
BID,3/24/2021,43,43.3,41.9,42.15,3341900
BID,3/23/2021,44.5,44.55,43.1,43.7,4549300
BID,3/22/2021,44.65,45,44.5,44.65,2562800
BID,3/19/2021,45,45.4,44.7,45,2885400
BID,3/18/2021,44,45.3,43.55,45,5666500
BID,3/17/2021,42.5,43.4,41.95,43.3,4346500
BID,3/16/2021,43,43.2,42.3,42.4,2223700
BID,3/15/2021,43.5,43.6,42.8,43,2779700
BID,3/12/2021,43.5,43.7,43.1,43.35,2536400
BID,3/11/2021,42.7,43.6,42.55,43.3,1672400
BID,3/10/2021,42,42.2,41.4,42,2056500
BID,3/9/2021,42.4,42.4,41.5,41.85,2430700
BID,3/8/2021,43.4,43.4,42.3,42.45,1595300
BID,3/5/2021,42.75,43.3,42,42.4,1857200
BID,3/4/2021,44,44.25,42.3,42.75,2089500
BID,3/3/2021,44.05,44.2,43.7,43.8,1583800
BID,3/2/2021,44.5,44.6,43.85,44.05,2124000
BID,3/1/2021,43.6,44.4,43.6,44.1,2251400
BID,2/26/2021,42.8,43.7,42.3,43.6,1379500
BID,2/25/2021,43.15,43.8,42.2,42.95,1733200
BID,2/24/2021,43.9,44.2,42.6,43.05,1640000
BID,2/23/2021,43.75,44.1,43.2,44,1533100
BID,2/22/2021,44.1,44.5,43.7,43.75,1523800
BID,2/19/2021,44.1,44.5,42.85,44.1,2027200
BID,2/18/2021,42.2,43.5,41.7,43.4,2339700
BID,2/17/2021,40.85,42.1,40.85,42.1,1439000
BID,2/9/2021,40.5,41.2,39.7,40.8,1448500
BID,2/8/2021,40.1,42,39.05,40.1,1874900
BID,2/5/2021,41.5,42.1,41.3,41.8,1279600
BID,2/4/2021,41.4,41.6,40.9,41.5,1378500
BID,2/3/2021,40.1,41.5,39.7,41.35,1851900
BID,2/2/2021,38.9,39.95,38.55,39.35,2497300
BID,2/1/2021,39.9,41,38.65,39.1,1545000
BID,1/29/2021,36.5,40.85,36.5,39.9,2008200
BID,1/28/2021,39,40,38.45,38.45,2692000
BID,1/27/2021,42.55,43.4,40.6,41.3,2102100
BID,1/26/2021,44.35,44.35,41.8,42.55,1836800
BID,1/25/2021,45,45.2,44.4,44.6,1371900
BID,1/22/2021,46.5,46.55,45.1,45.25,2211800
BID,1/21/2021,45.6,46.5,45.2,46.5,1347000
BID,1/20/2021,45.25,46.5,42.5,45.5,2306500
BID,1/19/2021,48.6,48.6,45.25,45.25,2701100
BID,1/18/2021,48.9,49,48.6,48.65,1685100
BID,1/15/2021,49.3,49.5,48.85,48.85,2404700
BID,1/14/2021,48.5,49,48,48.85,1904800
BID,1/13/2021,48.8,49.2,48.4,48.45,1650200
BID,1/12/2021,48.25,49,47.9,48.75,2189300
BID,1/11/2021,48.25,48.6,47.9,48.25,2758800
BID,1/8/2021,49.3,49.3,48.2,48.5,2034900
BID,1/7/2021,48.8,49.9,48.5,48.9,1678500
BID,1/6/2021,48.3,50.6,47.55,48.8,3674500
BID,1/5/2021,47.9,48.1,47.65,47.9,2155700
BID,1/4/2021,47.75,48.45,47.75,48.25,1993800
BID,12/31/2020,47.25,47.9,47,47.9,1342380
BID,12/30/2020,47.2515,47.989,47.2023,47.2515,1442160
BID,12/29/2020,46.5139,47.8415,46.5139,47.5465,3031270
BID,12/28/2020,46.6614,47.2022,46.0222,46.6614,3156280
BID,12/25/2020,44.7438,45.9239,44.2521,45.8255,1562900
BID,12/24/2020,45.8255,46.0222,43.1704,44.7438,3135180
BID,12/23/2020,45.8256,46.7106,45.6289,45.8255,2105620
BID,12/22/2020,46.6614,46.6614,45.8255,46.0714,2735230
BID,12/21/2020,47.2023,47.2023,45.7272,46.6614,2476240
BID,12/18/2020,46.2189,46.7106,45.6289,46.2189,2432540
BID,12/17/2020,46.0223,46.809,45.6289,45.6289,3894580
BID,12/16/2020,46.6123,46.6615,45.3339,46.6123,3093050
BID,12/15/2020,45.383,46.2189,45.088,45.3339,3422380
BID,12/14/2020,45.383,45.7763,45.088,45.7272,2935490
BID,12/11/2020,43.1704,45.0389,42.8754,45.0388,4566950
BID,12/10/2020,43.0721,44.0555,42.9738,43.2196,3830860
BID,12/9/2020,42.1871,43.2688,42.0396,43.0721,3679830
BID,12/8/2020,42.5804,42.5804,41.7445,41.9904,2151740
BID,12/7/2020,42.2854,42.482,41.1545,42.2854,4120830
BID,12/4/2020,40.9086,41.597,40.8103,40.9578,2563040
BID,12/3/2020,40.8595,41.2037,40.712,40.9086,1836790
BID,12/2/2020,41.0562,41.302,40.712,40.8103,1833120
BID,12/1/2020,41.007,41.1053,40.122,41.007,2913470
BID,11/30/2020,41.7445,41.7937,41.007,41.007,1708190
BID,11/27/2020,42.0887,42.1378,41.3511,41.7445,2323620
BID,11/26/2020,40.6136,41.892,40.3186,41.892,4356380
BID,11/25/2020,40.3186,40.7611,39.8761,40.6136,2775000
BID,11/24/2020,40.3678,40.417,39.7286,40.0236,1958510
BID,11/23/2020,40.8103,40.8103,39.8761,40.417,1315280
BID,11/20/2020,40.0236,40.5645,40.0236,40.5153,2522690
BID,11/19/2020,39.4336,40.1219,39.4336,39.7286,1787480
BID,11/18/2020,39.6302,39.6794,39.3352,39.3844,1572210
BID,11/17/2020,39.3352,39.6303,39.0894,39.6302,1455550
BID,11/16/2020,39.6794,40.1219,39.2368,39.2369,1939610
BID,11/13/2020,39.0402,39.6303,38.9911,39.6302,1833350
BID,11/12/2020,38.8435,39.1386,38.7452,38.9419,1126040
BID,11/11/2020,38.7452,38.991,38.4994,38.7452,723840
BID,11/10/2020,39.1877,39.3352,38.7452,38.7452,1361190
BID,11/9/2020,38.7944,38.7944,38.4502,38.5977,1187610
BID,11/6/2020,38.7944,38.7944,38.2043,38.401,646660
BID,11/5/2020,39.0894,39.0894,38.401,38.401,1280230
BID,11/4/2020,38.7452,39.4336,38.696,39.0894,1077740
BID,11/3/2020,38.3518,38.8435,38.3518,38.7452,1035230
BID,11/2/2020,37.8602,38.4502,37.8602,38.2535,1084730
BID,10/30/2020,38.3519,38.5486,37.516,37.8602,1678270
BID,10/29/2020,38.1552,38.8436,37.811,38.0077,2823190
BID,10/28/2020,39.8269,40.0236,38.6469,38.6469,2899500
BID,10/27/2020,40.3186,40.8103,40.0236,40.0236,2635960
BID,10/26/2020,41.7937,42.2854,40.3186,40.3186,3379510
BID,10/23/2020,42.6787,42.6787,42.0887,42.0887,1940000
BID,10/22/2020,41.597,42.2362,41.2037,42.2362,1733020
BID,10/21/2020,41.6954,42.7771,41.4495,41.6462,3019940
BID,10/20/2020,40.8103,41.7937,40.8103,41.302,1923390
BID,10/19/2020,41.7445,41.7445,41.007,41.2037,2690250
BID,10/16/2020,41.5478,42.482,41.1053,41.4987,2411650
BID,10/15/2020,42.7279,42.7279,41.4986,41.5478,2957800
BID,10/14/2020,42.1871,42.2362,40.8103,42.187,6821050
BID,10/13/2020,40.3186,41.1544,39.9252,40.5645,1980740
BID,10/12/2020,40.9086,41.2528,40.0236,40.2694,3533550
BID,10/9/2020,39.6303,39.8269,39.4336,39.6794,849330
BID,10/8/2020,39.9253,39.9745,39.1386,39.7286,1893390
BID,10/7/2020,39.7286,40.2203,39.6303,39.7778,1177720
BID,10/6/2020,39.8761,40.122,39.6303,39.7778,1507790
BID,10/5/2020,40.3186,40.3186,39.5319,39.7286,1567920
BID,10/2/2020,40.3186,40.7611,37.8601,39.9744,1758990
BID,10/1/2020,40.1219,40.4661,40.1219,40.2694,1157830
BID,9/30/2020,40.0236,40.2202,39.8269,40.1219,933550
BID,9/29/2020,40.8103,41.2528,39.9252,39.9744,2022020
BID,9/28/2020,40.3677,41.0069,40.1219,40.6136,1952000
BID,9/25/2020,40.3186,40.417,39.8761,40.1219,1334760
BID,9/24/2020,40.5153,40.8595,40.122,40.2203,1523780
BID,9/23/2020,40.1219,41.2037,40.1219,40.712,2105880
BID,9/22/2020,40.0236,40.2202,39.7777,40.0236,1160730
BID,9/21/2020,40.5153,40.8103,40.0236,40.1219,1006520
BID,9/18/2020,39.9252,40.3186,39.8269,40.3186,1401990
BID,9/17/2020,40.0236,40.417,39.6303,39.8269,1520660
BID,9/16/2020,40.2203,40.2203,39.7778,39.8761,546300
BID,9/15/2020,40.0236,40.5153,39.7286,40.0728,1109810
BID,9/14/2020,39.8761,40.122,39.7778,39.8269,931340
BID,9/11/2020,39.8269,39.9744,39.5811,39.7778,773230
BID,9/10/2020,40.4169,40.4661,39.8269,39.8269,846810
BID,9/9/2020,39.5319,40.2694,39.4336,40.1219,804160
BID,9/8/2020,40.122,40.3187,39.3844,40.1711,1261510
BID,9/7/2020,41.4986,41.4986,39.9252,39.9253,2246440
BID,9/4/2020,40.6137,41.597,40.5645,41.4003,2001840
BID,9/3/2020,40.8103,41.4987,40.5153,41.4987,2666170
BID,9/1/2020,39.8269,40.7119,39.7285,40.712,2124220
BID,8/31/2020,39.9253,40.6136,39.8761,40.2694,2006450
BID,8/28/2020,38.8436,40.3186,38.6469,39.8761,3032570
BID,8/27/2020,38.6468,38.7452,38.3518,38.4502,1095260
BID,8/26/2020,38.8435,38.8435,38.6468,38.696,831700
BID,8/25/2020,39.2369,39.3353,38.7453,38.8435,886570
BID,8/24/2020,38.8436,39.2369,38.5485,38.9911,940780
BID,8/21/2020,37.7618,38.5977,37.7618,38.3027,1098410
BID,8/20/2020,37.9585,38.2043,37.6143,37.6143,859310
BID,8/19/2020,37.7618,38.2043,37.7618,37.9585,346360
BID,8/18/2020,38.3518,38.3518,37.7618,37.7618,663290
BID,8/17/2020,38.0569,38.3519,37.811,38.0568,631010
BID,8/14/2020,38.6961,38.9419,38.1552,38.3519,985710
BID,8/13/2020,38.8435,39.0402,38.6468,38.9911,673490
BID,8/12/2020,37.9585,38.6961,37.9585,38.5485,963310
BID,8/11/2020,37.7126,37.9585,37.4668,37.8602,780760
BID,8/10/2020,37.811,38.0568,37.4668,37.4668,534820
BID,8/7/2020,37.6143,37.9585,37.3193,37.4668,532060
BID,8/6/2020,38.0077,38.2535,37.5651,37.6143,597260
BID,8/5/2020,37.1718,38.3518,36.9751,38.106,911970
BID,8/4/2020,37.3685,37.3685,36.8768,37.2701,494030
BID,8/3/2020,35.6967,36.7293,35.6967,36.5818,646640
BID,7/31/2020,35.4017,36.631,35.4017,36.0409,479890
BID,7/30/2020,36.8768,36.8768,35.4017,36.5818,419920
BID,7/29/2020,36.1884,36.5818,35.2051,36.3359,725660
BID,7/28/2020,35.4017,37.221,35.4017,37.221,1193550
BID,7/27/2020,35.4017,37.1717,34.9591,34.9592,1545430
BID,7/24/2020,39.1877,39.1877,37.1226,37.5651,1807770
BID,7/23/2020,39.3352,39.7777,38.991,39.1877,764300
BID,7/22/2020,40.3186,40.3186,38.8435,39.3352,750600
BID,7/21/2020,40.3186,40.3186,39.6794,40.1219,374580
BID,7/20/2020,40.1219,41.0561,40.1219,40.1219,832370
BID,7/17/2020,40.712,41.1545,40.712,40.9086,1343600
BID,7/16/2020,40.6628,40.712,40.3186,40.6628,473290
BID,7/15/2020,41.007,41.007,40.6137,40.6628,690440
BID,7/14/2020,40.1711,40.6136,40.0236,40.5645,990800
BID,7/13/2020,40.9578,41.1545,40.3186,40.6136,1039520
BID,7/10/2020,40.5152,40.9578,40.0727,40.8103,1030790
BID,7/9/2020,39.8761,41.2037,39.8761,40.9086,1531780
BID,7/8/2020,39.827,40.0236,39.3353,39.8761,768660
BID,7/7/2020,39.7286,40.1711,39.5811,39.9253,1097570
BID,7/6/2020,38.7452,39.5319,38.4502,39.4336,757690
BID,7/3/2020,38.5977,38.6469,38.1552,38.4502,547350
BID,7/2/2020,38.7943,38.7943,38.0568,38.3519,501500
BID,7/1/2020,37.2701,38.7452,37.2701,38.5485,769310
BID,6/30/2020,38.3519,38.4011,37.1718,37.2701,862060
BID,6/29/2020,38.6469,38.8435,37.7618,37.8602,1334210
BID,6/26/2020,40.2202,40.2202,39.0402,39.2369,717380
BID,6/25/2020,39.3352,39.581,39.1385,39.3352,791820
BID,6/24/2020,40.0236,40.5153,39.5319,39.6302,692090
BID,6/23/2020,40.3678,40.6628,39.8269,40.0236,1110100
BID,6/22/2020,40.8103,41.1545,40.1219,40.6136,622920
BID,6/19/2020,40.5153,40.7611,40.0236,40.7611,720420
BID,6/18/2020,39.6302,39.9252,39.3352,39.8269,629450
BID,6/17/2020,40.0236,40.417,39.1877,39.6302,817560
BID,6/16/2020,40.8103,40.9086,39.8269,40.0236,958780
BID,6/15/2020,41.597,41.597,39.2369,39.2369,1503480
BID,6/12/2020,38.8435,41.7937,38.8435,41.7937,1913590
BID,6/11/2020,42.7771,42.9738,39.827,39.8269,2386670
BID,6/10/2020,42.3838,43.3671,41.7937,42.7771,1297400
BID,6/9/2020,43.3671,43.3671,42.5804,42.6296,1119590
BID,6/8/2020,43.2687,43.2687,41.7937,43.2688,2487930
BID,6/5/2020,41.1053,41.4987,40.5644,41.4003,1216160
BID,6/4/2020,40.5153,41.597,40.4169,41.1053,2013380
BID,6/3/2020,40.2203,40.5153,39.8269,40.3186,896130
BID,6/2/2020,40.8103,41.2036,39.8269,39.8761,1496600
BID,6/1/2020,39.6303,40.8595,39.5811,40.7611,1104330
BID,5/29/2020,39.7286,39.8269,39.1386,39.4336,1669730
BID,5/28/2020,39.3353,40.2695,39.1386,40.0236,1913890
BID,5/27/2020,42.0395,42.0395,39.1386,39.1386,2293240
BID,5/26/2020,39.0894,41.302,39.0894,41.302,2954120
BID,5/25/2020,38.6469,39.1386,38.3519,38.9911,888300
BID,5/22/2020,39.0402,39.3352,38.6468,38.6469,1140830
BID,5/21/2020,38.8436,39.4828,38.7944,39.0402,2474770
BID,5/20/2020,38.3519,38.6469,37.8602,38.4994,900670
BID,5/19/2020,39.2369,39.2369,38.2535,38.4502,1686240
BID,5/18/2020,37.811,38.2535,37.3685,38.2535,1864370
BID,5/15/2020,39.1385,39.4336,37.7618,37.9585,1909780
BID,5/14/2020,38.3519,39.8269,38.3519,39.0402,1994890
BID,5/13/2020,37.6635,39.1385,37.1718,38.9419,2725900
BID,5/12/2020,37.6635,38.0077,37.3193,37.9093,1645960
BID,5/11/2020,37.8602,38.3519,37.3193,37.8602,1209730
BID,5/8/2020,37.3194,38.6469,36.926,37.3685,2563570
BID,5/7/2020,35.6967,36.9751,35.6967,36.926,2524450
BID,5/6/2020,34.8608,35.4017,34.7133,35.4017,739320
BID,5/5/2020,34.7133,35.205,34.615,34.7133,427650
BID,5/4/2020,35.0084,35.7951,34.5167,34.7133,655630
BID,4/29/2020,35.0083,35.3033,34.4183,35.0084,595490
BID,4/28/2020,34.5167,35.2051,33.9267,34.5658,589490
BID,4/27/2020,35.5984,35.7951,34.5167,34.5167,1205680
BID,4/24/2020,35.4017,35.8442,34.7134,35.4017,592910
BID,4/23/2020,36.3851,36.5818,35.5001,35.5984,789930
BID,4/22/2020,32.5499,36.4342,32.5499,35.5984,1413800
BID,4/21/2020,35.4017,36.1884,34.1233,34.1233,2238980
BID,4/20/2020,37.2701,37.3684,36.3359,36.4834,1371830
BID,4/17/2020,37.221,37.5651,36.5818,36.7784,1151710
BID,4/16/2020,36.5818,36.6801,36.1392,36.6801,1210270
BID,4/15/2020,36.0901,37.0735,36.0901,36.6801,1107070
BID,4/14/2020,36.4343,36.926,35.205,35.8934,1220360
BID,4/13/2020,36.0901,37.0735,35.9918,36.5326,1056950
BID,4/10/2020,36.6801,37.1718,36.0901,36.2868,1198580
BID,4/9/2020,37.3193,37.9585,37.0243,37.0735,1349000
BID,4/8/2020,35.205,37.3685,34.5167,37.3193,1456160
BID,4/7/2020,36.8768,37.0735,35.4017,36.3851,1793050
BID,4/6/2020,35.1067,36.0901,34.5167,36.0901,1881640
BID,4/3/2020,32.0582,33.7299,32.0582,33.73,1547020
BID,4/1/2020,30.3865,32.4516,30.2881,31.5665,1190960
BID,3/31/2020,31.4682,31.6157,29.0098,30.3373,1018770
BID,3/30/2020,30.4848,31.3699,30.1898,30.3865,1369430
BID,3/27/2020,32.5499,33.1891,31.8616,32.4516,1128210
BID,3/26/2020,32.4515,33.6316,31.6157,32.7466,1148580
BID,3/25/2020,32.8449,32.8941,32.2549,32.6482,1611980
BID,3/24/2020,30.4848,31.419,30.1898,31.0748,1227020
BID,3/23/2020,30.4848,31.3698,30.2881,30.2881,2728710
BID,3/20/2020,33.0416,33.4841,32.3532,32.5499,771320
BID,3/19/2020,33.3858,33.6316,32.2057,32.8449,906470
BID,3/18/2020,33.435,34.91,33.3858,33.9758,1743970
BID,3/17/2020,30.0915,33.3366,30.0915,33.2383,1774340
BID,3/16/2020,34.4183,35.3525,32.009,32.2549,2191590
BID,3/13/2020,33.5825,36.0901,33.5825,34.4183,2330290
BID,3/12/2020,36.1393,37.0735,36.0901,36.0901,1531140
BID,3/11/2020,42.777,42.777,38.7943,38.7944,1522030
BID,3/10/2020,41.7937,43.2688,40.6136,41.6953,1366220
BID,3/9/2020,42.9737,43.9571,42.8754,42.8754,944020
BID,3/6/2020,44.7438,46.3664,44.7438,46.0714,555990
BID,3/5/2020,45.7764,46.4647,45.7272,45.8747,872610
BID,3/4/2020,46.2189,46.2189,45.1372,45.383,658350
BID,3/3/2020,46.0222,46.9564,44.9405,46.1206,1016900
BID,3/2/2020,45.1372,45.1372,44.2521,44.3996,568290
BID,2/28/2020,45.2355,45.6288,44.3013,44.7438,972320
BID,2/27/2020,46.2189,46.9073,45.678,46.3172,722680
BID,2/26/2020,46.8089,47.4973,46.0714,46.2189,626350
BID,2/25/2020,44.2521,47.989,44.2521,47.989,878610
BID,2/24/2020,47.399,47.989,45.5306,45.5305,1081210
BID,2/21/2020,50.4474,50.4474,47.9398,48.6774,2619020
BID,2/20/2020,51.0374,51.1358,50.3491,50.4474,552810
BID,2/19/2020,51.1358,51.2341,50.3491,50.4474,372250
BID,2/18/2020,51.0375,51.7258,50.6441,51.1358,879430
BID,2/17/2020,49.3657,50.6441,49.2673,50.6441,863730
BID,2/14/2020,49.2674,49.7591,49.169,49.169,627040
BID,2/13/2020,49.8574,50.1524,49.0707,49.5624,578820
BID,2/12/2020,50.6441,50.9391,49.8574,49.9557,704550
BID,2/11/2020,48.284,50.5458,48.284,49.9557,917080
BID,2/10/2020,50.0541,50.3491,48.284,48.284,1111680
BID,2/7/2020,51.8242,52.4142,50.7425,50.8408,1501140
BID,2/6/2020,52.5126,53.2009,52.1192,52.3159,1469930
BID,2/5/2020,53.9876,54.2826,52.6109,52.6109,718710
BID,2/4/2020,53.4959,53.791,52.7092,53.4959,1406270
BID,2/3/2020,48.9724,54.0859,47.1039,52.6109,1562560
BID,1/31/2020,51.4308,52.7092,50.6441,50.6441,1154570
BID,1/30/2020,53.5942,53.9876,51.1358,51.8242,1388710
BID,1/22/2020,53.1026,54.8727,52.9059,54.5776,781390
BID,1/21/2020,52.4142,53.5943,52.4142,53.1026,609600
BID,1/20/2020,52.6109,53.2993,52.3159,52.4142,761650
BID,1/17/2020,53.2009,53.6926,52.2176,52.6109,643490
BID,1/16/2020,50.1524,53.2009,50.1524,53.1026,1004080
BID,1/15/2020,49.0707,50.4475,49.0707,50.1524,695290
BID,1/14/2020,49.2674,50.6441,49.0707,49.2674,752200
BID,1/13/2020,49.0707,50.6441,48.6773,49.2674,544740
BID,1/10/2020,48.8249,51.1358,48.7757,50.4474,1506410
BID,1/9/2020,46.9564,49.0707,46.8089,48.8249,1573190
BID,1/8/2020,45.2355,47.104,45.0389,46.3172,1230830
BID,1/7/2020,45.0388,45.9238,44.4488,45.9239,526890
BID,1/6/2020,45.9239,45.9239,45.0389,45.0388,794490
BID,1/3/2020,46.5631,46.7106,45.9239,45.9239,603940
BID,1/2/2020,45.2355,46.4155,45.1372,46.1206,872620
BID,12/31/2019,45.4322,45.7273,45.1372,45.383,630410
BID,12/30/2019,45.5305,46.3664,45.2355,45.3339,872650
BID,12/27/2019,43.4654,45.4322,43.2687,45.4322,1098010
BID,12/26/2019,44.3013,44.5963,43.4654,43.4654,525840
BID,12/25/2019,43.3671,44.498,43.3671,44.4488,585450
BID,12/24/2019,43.8096,44.3997,43.5638,44.1538,741520
BID,12/23/2019,42.0395,44.2029,42.0395,44.0063,2442660
BID,12/20/2019,41.302,42.0887,41.302,42.0395,712940
BID,12/19/2019,41.302,41.7445,40.712,41.4987,702550
BID,12/18/2019,40.4169,41.8428,40.4169,41.302,1478200
BID,12/17/2019,41.1054,41.2037,40.6137,40.7611,580480
BID,12/16/2019,41.4987,41.5479,40.8103,41.2037,841690
BID,12/13/2019,40.3186,41.2528,40.3186,41.2037,1426060
BID,12/12/2019,39.9253,40.3186,39.5319,40.3186,724090
BID,12/11/2019,39.2369,39.4336,39.1386,39.4336,280130
BID,12/10/2019,39.3352,39.6794,39.0894,39.2369,415660
BID,12/9/2019,39.3353,39.3353,38.9911,39.3352,358570
BID,12/6/2019,39.0402,39.5319,38.8927,38.9911,374930
BID,12/5/2019,39.8761,39.9252,38.991,39.3352,393640
BID,12/4/2019,39.0402,39.8761,38.9419,39.6794,352310
BID,12/3/2019,38.7452,39.3844,38.3518,39.0402,786830
BID,12/2/2019,39.6302,39.6302,38.7452,38.7452,702050
BID,11/29/2019,39.9744,40.2202,39.8269,39.8269,391620
BID,11/28/2019,40.3186,40.3186,39.7777,39.9744,396280
BID,11/27/2019,39.4335,40.7119,39.4335,40.1219,1060810
BID,11/26/2019,39.6302,39.8761,39.1385,39.3352,406540
BID,11/25/2019,39.5319,39.9253,38.8435,39.0402,822450
BID,11/22/2019,40.8103,40.8103,39.1386,39.5319,1041320
BID,11/21/2019,40.8103,41.007,40.4661,40.5153,611690
BID,11/20/2019,41.2036,41.2036,40.5644,40.8595,246520
BID,11/19/2019,40.6136,41.007,40.4169,40.9578,676040
BID,11/18/2019,41.1053,41.4987,40.5645,40.6136,958470
BID,11/15/2019,41.9412,41.9904,41.302,41.302,627650
BID,11/14/2019,42.2853,42.2853,41.4003,41.7937,811080
BID,11/13/2019,41.4986,42.187,41.4986,42.187,1804440
BID,11/12/2019,40.7119,41.4986,40.6136,41.4003,1499510
BID,11/11/2019,40.5644,41.2036,40.4169,40.6136,724450
BID,11/8/2019,41.1053,41.302,40.5152,40.6136,729880
BID,11/7/2019,40.6123,41.104,40.1207,40.9086,1105060
BID,11/6/2019,40.954,41.2925,40.809,40.809,821030
BID,11/5/2019,40.9057,41.0991,40.7606,41.0991,898400
BID,11/4/2019,39.7453,41.0508,39.7453,40.809,1744250
BID,11/1/2019,39.165,39.7452,38.9716,39.6486,1180640
BID,10/31/2019,38.8749,39.3584,38.7298,39.2617,777680
BID,10/30/2019,39.165,39.4551,38.8265,38.8749,760410
BID,10/29/2019,39.5518,39.5518,38.6815,39.2617,921380
BID,10/28/2019,39.7452,39.8419,39.2617,39.2617,800080
BID,10/25/2019,38.6815,39.2134,38.4881,38.8749,968770
BID,10/24/2019,38.7782,39.165,38.4397,38.9716,513170
BID,10/23/2019,38.6815,38.9716,38.5364,38.7782,455760
BID,10/22/2019,38.0046,38.6815,38.0046,38.6815,566150
BID,10/21/2019,38.3914,38.6815,38.0046,38.0046,1281520
BID,10/18/2019,39.4551,39.4551,38.6815,38.7782,1225560
BID,10/17/2019,39.987,39.987,39.4551,39.4551,801110
BID,10/16/2019,40.0354,40.2772,39.7936,39.7936,650130
BID,10/15/2019,39.6485,40.1804,39.6485,40.0354,631810
BID,10/14/2019,39.6485,40.5672,39.5035,39.7936,1381960
BID,10/11/2019,39.6486,39.842,39.3585,39.4551,552640
BID,10/10/2019,39.8903,40.3255,39.6485,39.6486,1054690
BID,10/9/2019,39.7453,40.4222,39.4552,39.8903,1415560
BID,10/8/2019,39.0683,39.7452,38.7782,39.7453,650420
BID,10/7/2019,39.5518,39.5518,38.6815,39.0683,807180
BID,10/4/2019,39.9387,40.2771,39.165,39.165,884430
BID,10/3/2019,38.4881,39.8903,38.4397,39.8903,1939160
BID,10/2/2019,38.6815,39.4551,38.6331,38.8749,1505190
BID,10/1/2019,38.1013,38.6815,38.1013,38.6815,862420
BID,9/30/2019,38.8749,39.3101,38.1013,38.1013,1429150
BID,9/27/2019,38.9717,39.0684,38.7299,38.9233,876890
BID,9/26/2019,38.5848,39.3584,38.5848,38.8266,888310
BID,9/25/2019,37.9562,38.5848,37.6177,38.5848,1445080
BID,9/24/2019,38.4882,38.6816,38.1497,38.1496,821180
BID,9/23/2019,38.3914,39.165,38.2947,38.3431,1089550
BID,9/20/2019,39.4551,39.7452,38.4881,38.6815,2204400
BID,9/19/2019,39.842,39.8903,39.4068,39.4551,1029490
BID,9/18/2019,39.5519,39.8904,39.2134,39.7936,1630310
BID,9/17/2019,38.3914,39.6485,38.1013,39.6486,1566850
BID,9/16/2019,38.5365,39.4552,38.4881,38.6815,1250810
BID,9/13/2019,37.5694,38.5364,37.3276,38.5365,2303060
BID,9/12/2019,37.0859,37.4727,36.7474,37.376,1763420
BID,9/11/2019,36.7475,37.1343,36.6991,36.9408,519270
BID,9/10/2019,36.699,37.3276,36.554,37.0376,1003930
BID,9/9/2019,36.7474,36.8441,36.5056,36.8441,801830
BID,9/6/2019,37.231,37.231,36.3123,36.7474,1528000
BID,9/5/2019,37.5211,37.7629,37.231,37.231,939140
BID,9/4/2019,37.4244,37.5211,36.7475,37.3277,921560
BID,9/3/2019,37.5211,37.8112,37.376,37.4244,830420
BID,8/30/2019,36.9408,37.521,36.6991,37.4727,2186980
BID,8/29/2019,36.3606,36.6507,36.1188,36.6507,1330160
BID,8/28/2019,36.2639,36.7474,36.1672,36.3606,932680
BID,8/27/2019,37.0376,37.1343,36.2639,36.2639,1170790
BID,8/26/2019,35.6837,36.6024,35.3936,36.6024,1806980
BID,8/23/2019,36.554,36.554,35.9254,36.3123,977030
BID,8/22/2019,36.7475,36.8442,36.2639,36.3606,1618940
BID,8/21/2019,35.2969,36.9892,35.2969,36.6024,2691400
BID,8/20/2019,35.7321,35.7321,35.3452,35.587,800200
BID,8/19/2019,35.2969,35.7804,35.1035,35.4903,1132960
BID,8/16/2019,33.8463,35.4903,33.7496,34.8134,3237040
BID,8/15/2019,33.3628,33.943,33.3628,33.943,551130
BID,8/14/2019,34.1364,34.2331,33.6045,33.943,520650
BID,8/13/2019,33.8947,34.2332,33.6046,33.7496,817060
BID,8/12/2019,33.7013,34.2331,32.9276,34.1848,1373320
BID,8/9/2019,33.8463,33.8463,33.0727,33.5562,997910
BID,8/8/2019,33.5562,33.9914,33.5078,33.5562,908980
BID,8/7/2019,34.1848,34.3298,33.5562,33.5562,1081380
BID,8/6/2019,33.3628,34.4749,33.3628,34.0397,1229640
BID,8/5/2019,34.3299,34.62,34.2815,34.62,1969000
BID,8/2/2019,33.8463,34.8134,33.7496,34.62,1824090
BID,8/1/2019,34.3298,34.3298,33.8946,34.2815,744670
BID,7/31/2019,33.8463,34.3298,33.5562,34.3298,933640
BID,7/30/2019,34.4266,34.4266,33.798,33.8463,1623110
BID,7/29/2019,34.5233,34.62,34.1365,34.62,1351320
BID,7/26/2019,33.8463,34.7166,33.8463,34.62,2184360
BID,7/25/2019,33.1694,34.0398,33.1694,34.0397,1316210
BID,7/24/2019,34.2332,34.2332,33.0727,33.3145,1886280
BID,7/23/2019,34.5716,34.5716,33.5562,34.0881,2132860
BID,7/22/2019,34.0397,34.765,33.8463,34.5716,2863060
BID,7/19/2019,33.8463,34.2331,33.5562,33.7496,1713010
BID,7/18/2019,33.3145,33.5563,33.0727,33.5562,1442460
BID,7/17/2019,33.3628,33.7497,33.1211,33.4112,1551860
BID,7/16/2019,32.3475,33.4112,32.3475,33.4112,3287930
BID,7/15/2019,32.2024,32.3958,32.154,32.2024,913470
BID,7/12/2019,32.3958,32.6859,32.2023,32.2991,1417000
BID,7/11/2019,31.5254,32.3957,31.332,32.3474,2461040
BID,7/10/2019,31.5254,31.7672,31.332,31.332,699090
BID,7/9/2019,31.332,31.6222,31.332,31.5254,403680
BID,7/8/2019,31.8155,31.8155,31.332,31.4771,564180
BID,7/5/2019,31.5737,32.1056,31.5254,31.7188,1204780
BID,7/4/2019,31.332,31.7672,31.1386,31.7188,1147150
BID,7/3/2019,30.9452,31.3321,30.9452,31.0419,409880
BID,7/2/2019,31.0419,31.3321,30.9936,30.9936,454740
BID,7/1/2019,31.1386,31.4287,31.0419,31.2837,550440
BID,6/28/2019,30.9452,31.1386,30.365,30.6551,653190
BID,6/27/2019,31.3803,31.3803,30.9452,30.9452,664820
BID,6/26/2019,30.9452,31.4771,30.8485,31.4287,1052510
BID,6/25/2019,31.5254,31.6221,31.0419,31.0419,734450
BID,6/24/2019,31.5738,31.9122,31.332,31.5254,750120
BID,6/21/2019,31.6222,31.8639,31.3804,31.4287,501660
BID,6/20/2019,30.9452,31.6221,30.8485,31.5738,1142380
BID,6/19/2019,31.332,31.332,30.8968,30.9452,461820
BID,6/18/2019,30.8485,31.0419,30.6551,30.9452,273680
BID,6/17/2019,31.1387,31.4771,30.8969,31.0419,693710
BID,6/14/2019,30.6551,31.187,30.4617,31.0903,1589620
BID,6/13/2019,30.365,30.7035,30.365,30.4617,289140
BID,6/12/2019,30.6551,30.8485,30.4133,30.4617,351310
BID,6/11/2019,30.7518,30.9452,30.5584,30.8485,584390
BID,6/10/2019,30.7518,31.0419,30.6551,30.6551,471530
BID,6/7/2019,30.2683,30.6551,30.2683,30.6551,459310
BID,6/6/2019,30.365,30.6551,29.8815,30.2683,329600
BID,6/5/2019,30.9452,31.1386,30.365,30.365,482730
BID,6/4/2019,29.5914,30.9453,29.543,30.9452,867040
BID,6/3/2019,30.365,30.4617,29.5914,29.5914,1299050
BID,5/31/2019,30.6067,30.8485,30.4133,30.4617,914150
BID,5/30/2019,31.1386,31.2353,30.7518,30.7518,671830
BID,5/29/2019,31.2353,31.3804,30.8968,30.9452,896960
BID,5/28/2019,31.4287,31.7188,31.0902,31.2353,881610
BID,5/27/2019,31.4287,31.6221,31.332,31.5254,526030
BID,5/24/2019,32.009,32.154,31.4288,31.4287,1510920
BID,5/23/2019,31.9123,32.2991,31.5255,32.2991,795270
BID,5/22/2019,31.9606,32.4925,31.9606,32.1057,1262730
BID,5/21/2019,31.6221,32.154,31.5254,31.9606,1716340
BID,5/20/2019,31.0419,31.8156,31.0419,31.6221,960860
BID,5/17/2019,31.6221,31.6221,30.9452,31.0903,938600
BID,5/16/2019,31.8639,31.9122,31.3803,31.5254,776200
BID,5/15/2019,31.5254,32.0089,31.2353,31.8155,1460060
BID,5/14/2019,31.3803,31.5254,30.9452,31.332,1091640
BID,5/13/2019,30.9452,31.7188,30.9452,31.6221,778440
BID,5/10/2019,30.4617,31.1386,30.365,30.9452,1098030
BID,5/9/2019,31.5738,31.7189,29.9782,30.0749,1937960
BID,5/8/2019,31.6222,31.9123,31.2837,31.2837,1127910
BID,5/7/2019,32.2024,32.7826,31.8156,32.009,949150
BID,5/6/2019,32.5408,32.7826,31.9123,32.009,1220260
BID,5/3/2019,33.3628,33.6529,33.0727,33.0727,555330
BID,5/2/2019,33.8463,33.8463,33.3628,33.3628,483460
BID,4/26/2019,33.3628,33.7496,33.3628,33.6529,484200
BID,4/25/2019,33.4595,33.8463,33.3628,33.3628,464620
BID,4/24/2019,33.3628,33.6529,33.1694,33.4595,538100
BID,4/23/2019,33.4595,33.4595,32.8309,33.0727,1005740
BID,4/22/2019,33.7013,33.7013,32.831,33.0727,687460
BID,4/19/2019,33.6529,34.0397,33.5562,33.7013,293870
BID,4/18/2019,33.6529,34.2331,33.5078,33.6529,1016060
BID,4/17/2019,34.3298,34.3298,33.6529,33.6529,852450
BID,4/16/2019,33.4595,34.4266,33.0727,34.3298,1404520
BID,4/12/2019,33.943,34.0398,33.5562,33.6046,894410
BID,4/11/2019,34.1364,34.3298,33.7979,33.9914,643960
BID,4/10/2019,34.5716,34.62,34.0397,34.0397,522520
BID,4/9/2019,34.3298,35.0067,34.3298,34.5716,2081540
BID,4/8/2019,33.6529,34.3782,33.6529,34.3298,1042660
BID,4/5/2019,34.1364,34.5232,33.6529,33.8947,737650
BID,4/4/2019,34.8134,34.8134,33.9914,34.1364,1058540
BID,4/3/2019,33.6529,34.91,33.3144,34.5233,1895710
BID,4/2/2019,34.8133,34.8133,33.6529,33.6529,1453530
BID,4/1/2019,34.62,35.1035,34.1365,34.3298,909820
BID,3/29/2019,34.4266,34.8134,34.4266,34.62,1654790
BID,3/28/2019,33.3144,34.6683,33.3144,34.4266,2196570
BID,3/27/2019,33.7013,33.943,33.1694,33.7496,1236550
BID,3/26/2019,33.7496,33.943,33.0727,33.1694,1042090
BID,3/25/2019,32.976,33.8463,32.3957,33.3628,2092900
BID,3/22/2019,34.2331,34.5232,33.6529,33.943,1877120
BID,3/21/2019,35.0552,35.442,33.6529,33.6529,2239650
BID,3/20/2019,34.9584,35.2969,34.3299,34.9101,2700620
BID,3/19/2019,35.9254,36.0705,35.2969,35.3936,2819110
BID,3/18/2019,35.9738,36.3606,35.6837,36.0705,2925810
BID,3/15/2019,35.0068,36.264,34.7167,35.9738,3180240
BID,3/14/2019,34.4266,35.4903,34.0398,35.0068,2651040
BID,3/13/2019,34.1364,34.765,34.0397,34.4266,2860920
BID,3/12/2019,32.976,34.3298,32.6859,34.3298,1690500
BID,3/11/2019,32.976,32.976,32.3474,32.5408,1137250
BID,3/8/2019,33.3144,33.5562,32.7826,32.8793,1808960
BID,3/7/2019,33.8464,34.0881,33.5562,33.7496,1702650
BID,3/6/2019,33.4595,33.7496,33.2661,33.6046,1601660
BID,3/5/2019,32.1057,34.1365,32.1057,33.4595,4215640
BID,3/4/2019,32.009,32.6375,31.9123,32.4925,918340
BID,3/1/2019,31.5254,32.0089,31.5254,31.7672,1153130
BID,2/28/2019,32.4925,32.6376,31.4288,31.4287,1793480
BID,2/27/2019,32.4925,32.831,32.3958,32.4925,749060
BID,2/26/2019,32.5892,32.8793,32.3958,32.4925,1409740
BID,2/25/2019,33.3628,33.3628,32.5892,32.8793,1687500
BID,2/22/2019,33.0726,33.5562,32.8792,32.8793,1459730
BID,2/21/2019,33.1211,33.5079,32.8793,33.121,2157870
BID,2/20/2019,31.7188,33.7496,31.5737,32.8793,2361110
BID,2/19/2019,32.3958,32.6376,31.8156,31.8155,1143130
BID,2/18/2019,32.3958,32.5892,32.1057,32.3958,955540
BID,2/15/2019,31.2836,32.6859,31.0419,32.0573,1622530
BID,2/14/2019,31.4287,31.4771,31.2836,31.332,1018550
BID,2/13/2019,31.4771,31.5255,31.187,31.4287,1557810
BID,2/12/2019,30.9936,31.6222,30.9936,31.3804,1395780
BID,2/11/2019,30.8002,31.187,30.7518,30.8969,631710
BID,2/1/2019,30.4133,30.8002,30.365,30.5584,537050
BID,1/31/2019,31.1386,31.1386,30.4617,30.4617,678130
BID,1/30/2019,30.8485,31.187,30.5584,30.6551,429410
BID,1/29/2019,30.8485,30.8485,30.51,30.6551,635890
BID,1/28/2019,30.9936,31.2837,30.7518,30.8485,545190
BID,1/25/2019,31.6221,31.6221,30.9452,30.9936,570980
BID,1/24/2019,31.477,31.7672,31.4287,31.4287,579540
BID,1/23/2019,31.332,31.7672,31.0419,31.6221,457760
BID,1/22/2019,31.8156,32.009,31.6221,31.6705,563940
BID,1/21/2019,30.9452,32.2507,30.6551,31.7672,1207560
BID,1/18/2019,30.8969,31.2354,30.6068,30.6551,509140
BID,1/17/2019,31.1386,31.332,30.8485,30.8969,297560
BID,1/16/2019,31.6221,31.6705,31.1386,31.1386,363680
BID,1/15/2019,30.7034,31.7188,30.7034,31.4287,580710
BID,1/14/2019,30.8485,31.2837,30.4133,30.8485,755920
BID,1/11/2019,31.4287,31.7188,30.8001,30.8485,941940
BID,1/10/2019,31.9123,32.009,31.4288,31.4287,410690
BID,1/9/2019,31.2353,31.9606,31.0419,31.9123,1075730
BID,1/8/2019,31.5254,31.5254,30.8485,30.9452,558540
BID,1/7/2019,30.9452,31.9122,30.9452,31.2353,806060
BID,1/4/2019,30.4617,30.8968,29.7848,30.51,1457300
BID,1/3/2019,32.3958,32.6859,30.9452,30.9452,1107500
BID,1/2/2019,33.2661,33.2661,32.3474,32.3958,805700
BID,12/28/2018,32.6859,33.2661,32.5408,33.2661,2131820
BID,12/27/2018,32.6858,33.3144,32.4441,32.8793,1643520
BID,12/26/2018,31.6705,32.3474,31.4771,31.5254,1036860
BID,12/25/2018,32.1057,32.6375,30.6551,31.6705,1827680
BID,12/24/2018,32.8793,33.6046,32.6859,32.8793,1857900
BID,12/21/2018,32.6858,32.9276,32.299,32.8793,706310
BID,12/20/2018,32.3958,33.1211,32.2991,32.8309,1635620
BID,12/19/2018,32.5408,32.8309,32.2023,32.2024,1314340
BID,12/18/2018,31.6222,32.5409,31.4288,32.5408,2348370
BID,12/17/2018,32.3474,32.9277,32.1057,32.1057,2272850
BID,12/14/2018,33.0727,33.6529,32.6859,32.7826,1214630
BID,12/13/2018,33.798,33.798,33.1694,33.1694,1610470
BID,12/12/2018,32.5892,33.5078,32.299,33.5079,2225990
BID,12/11/2018,32.5892,32.7343,32.2991,32.4441,1148790
BID,12/10/2018,32.5892,32.976,32.154,32.5892,1556580
BID,12/7/2018,32.6859,33.2661,32.5408,32.5892,1220210
BID,12/6/2018,32.5891,32.7342,32.1056,32.5892,1984110
BID,12/5/2018,31.9123,32.9277,31.7189,32.7342,2574670
BID,12/4/2018,32.4441,32.976,32.1056,32.2991,2374250
BID,12/3/2018,30.9452,32.4441,30.7518,32.4441,3464870
BID,11/30/2018,29.5913,30.7518,29.5913,30.365,2611400
BID,11/29/2018,30.51,30.9452,30.2199,30.2199,2480990
BID,11/28/2018,30.4133,30.6067,30.2682,30.51,764130
BID,11/27/2018,30.8486,30.9453,29.9782,30.4133,1382030
BID,11/26/2018,30.365,30.8969,30.365,30.6068,790910
BID,11/23/2018,30.7518,31.042,30.5584,30.6551,1340870
BID,11/22/2018,31.1386,31.3804,30.7518,30.8002,1866110
BID,11/21/2018,30.1716,31.1386,30.1232,30.9452,1747970
BID,11/20/2018,30.4133,30.9452,30.4133,30.6551,1301980
BID,11/19/2018,31.1386,31.4771,30.9452,31.1386,1520580
BID,11/16/2018,30.4617,31.3804,30.4617,31.1386,2339880
BID,11/15/2018,29.0111,30.7518,28.9144,29.9782,1574190
BID,11/14/2018,29.9782,30.4617,29.0112,29.0111,1511410
BID,11/13/2018,30.2683,30.7034,29.9782,29.9782,2054350
BID,11/12/2018,30.0749,31.3804,30.0749,31.1386,1332890
BID,11/9/2018,31.1386,31.4288,30.6068,30.6551,1790150
BID,11/8/2018,32.3958,32.3958,31.332,31.3804,1728670
BID,11/7/2018,30.9452,31.7672,30.8485,31.3804,2117240
BID,11/6/2018,31.9122,32.0573,30.8001,30.9452,1834970
BID,11/5/2018,30.9452,31.7189,30.5584,31.7188,1732340
BID,11/2/2018,29.9782,31.3804,29.7848,31.3804,3469490
BID,11/1/2018,30.4133,30.4617,29.3012,29.3496,2974110
BID,10/31/2018,27.5605,28.5276,27.2704,28.5276,1670350
BID,10/30/2018,27.5606,28.721,26.6903,26.6902,3140410
BID,10/29/2018,29.4947,29.7848,27.8507,27.9474,2482950
BID,10/26/2018,30.9452,31.2353,29.5914,29.5914,1877950
BID,10/25/2018,29.3496,30.9452,29.3496,30.1716,4592300
BID,10/24/2018,33.7496,33.8463,31.5254,31.5254,2230710
BID,10/23/2018,33.6529,34.0397,32.3957,33.7496,3648830
BID,10/22/2018,33.8463,34.2815,33.5562,33.8463,3643590
BID,10/19/2018,32.8793,33.6046,32.6859,33.4595,2010830
BID,10/18/2018,33.2661,33.9914,32.6859,33.4595,3352560
BID,10/17/2018,32.8793,33.653,32.831,33.4595,2870340
BID,10/16/2018,31.5254,32.3957,31.5254,32.3958,1574440
BID,10/15/2018,32.8793,32.8793,31.5255,31.5254,1199560
BID,10/12/2018,31.9122,33.0243,30.9452,32.6859,2660970
BID,10/11/2018,32.009,33.1694,31.8156,31.8155,6573500
BID,10/10/2018,35.0068,35.0068,34.0398,34.1848,2080020
BID,10/9/2018,34.9101,35.2969,34.62,34.9101,1270140
BID,10/8/2018,34.0397,35.0067,33.7496,34.8134,3268360
BID,10/5/2018,35.2001,35.3935,34.3298,34.3298,2834960
BID,10/4/2018,35.4903,35.587,35.1034,35.5386,1879790
BID,10/3/2018,35.1035,35.5387,35.0068,35.4419,2361360
BID,10/2/2018,33.653,35.2002,33.3628,35.0068,5199330
BID,10/1/2018,34.0397,34.3298,33.4595,33.6046,1733190
BID,9/28/2018,33.7497,34.4749,33.5563,34.0397,2822910
BID,9/27/2018,33.8463,33.8947,33.5078,33.5079,2074090
BID,9/26/2018,33.7979,34.2815,33.7496,33.7496,1956500
BID,9/25/2018,33.6045,34.4265,33.4595,33.8463,1820120
BID,9/24/2018,34.1364,34.4265,33.7012,33.7496,2423940
BID,9/21/2018,34.5232,34.5716,33.5078,34.1364,4631020
BID,9/20/2018,34.1364,34.5716,33.7012,34.3298,2304800
BID,9/19/2018,34.3299,34.765,34.0397,34.1364,2943070
BID,9/18/2018,32.6859,34.1364,32.3958,34.0881,4127500
BID,9/17/2018,33.5562,33.9431,33.0727,33.0727,2164200
BID,9/14/2018,34.1364,34.3298,33.5562,33.7013,1656240
BID,9/13/2018,34.0398,34.3299,33.3628,33.8463,2984670
BID,9/12/2018,34.3298,34.4265,33.6045,33.6046,2528070
BID,9/11/2018,32.8793,34.2332,32.7826,34.1364,4371130
BID,9/10/2018,32.6859,33.3628,32.3958,32.8793,3078830
BID,9/7/2018,31.4287,33.0244,31.4287,32.7826,3171020
BID,9/6/2018,32.009,32.1057,31.3321,31.6705,1923190
BID,9/5/2018,31.1386,32.2507,31.0902,32.009,3283340
BID,9/4/2018,32.8793,32.8793,31.1386,31.4287,4088990
BID,8/31/2018,33.6529,33.8463,33.1694,33.2661,2336200
BID,8/30/2018,32.4924,33.7496,32.3957,33.7496,3286300
BID,8/29/2018,32.5892,32.976,32.4441,32.5408,2319810
BID,8/28/2018,33.1694,33.1694,32.2024,32.5892,2582530
BID,8/27/2018,32.5892,32.976,32.3475,32.8793,2541980
BID,8/24/2018,31.5254,32.4441,31.5254,32.2991,2775350
BID,8/23/2018,31.6221,32.3957,31.1386,31.9606,3335590
BID,8/22/2018,32.1057,32.5892,31.3321,31.4287,4346680
BID,8/21/2018,29.9782,31.9123,29.9782,31.9123,4070460
BID,8/20/2018,29.9782,30.7518,29.7848,30.365,3573200
BID,8/17/2018,29.5913,30.6551,29.1078,30.0749,4664800
BID,8/16/2018,27.9957,29.0595,27.0771,29.0111,5017400
BID,8/15/2018,29.4946,29.688,27.6572,28.3342,4946070
BID,8/14/2018,29.4947,29.6398,28.9145,29.0111,2187220
BID,8/13/2018,28.721,29.8331,28.6243,29.4947,3670180
BID,8/10/2018,27.6572,28.9144,27.5605,28.9144,4423770
BID,8/9/2018,28.5276,28.8177,27.8507,27.899,3444030
BID,8/8/2018,26.5936,28.2375,26.5936,28.2375,4507240
BID,8/7/2018,25.4331,26.787,25.4331,26.5452,3707270
BID,8/6/2018,25.7233,26.6903,25.1914,25.965,3262290
BID,8/3/2018,25.7232,25.8199,25.4331,25.6749,2585620
BID,8/2/2018,25.143,25.3364,24.4661,25.3364,3523250
BID,8/1/2018,25.4331,25.9166,25.143,25.4331,3487790
BID,7/31/2018,25.3364,26.0617,24.9979,25.4331,5307160
BID,7/30/2018,24.3693,25.4331,24.1759,25.4331,3793610
BID,7/27/2018,23.3056,24.1276,23.2089,23.9825,2031060
BID,7/26/2018,22.8221,23.3056,22.4836,23.3056,2364560
BID,7/25/2018,24.1759,24.321,22.8221,22.8221,2773760
BID,7/24/2018,23.8858,24.6594,23.2089,23.9825,2591310
BID,7/23/2018,24.5628,25.3364,23.9826,23.9825,3124370
BID,7/20/2018,24.5628,25.0463,23.9826,24.5628,4279270
BID,7/19/2018,25.1429,25.3364,24.6594,24.9496,3344910
BID,7/18/2018,24.1759,25.3363,24.0792,25.288,4012340
BID,7/17/2018,22.8221,24.321,22.8221,24.0792,3991770
BID,7/16/2018,23.2089,23.5957,22.9188,23.354,2912010
BID,7/13/2018,22.7254,23.2089,22.532,22.7254,3138160
BID,7/12/2018,21.6616,22.8221,21.3231,22.2419,2508790
BID,7/11/2018,22.0484,22.2418,21.2748,21.3715,5441810
BID,7/10/2018,22.9188,23.5474,22.6287,22.8704,3612750
BID,7/9/2018,22.8221,23.5958,22.4837,22.532,5423120
BID,7/6/2018,20.6946,22.3386,20.1627,22.3386,5061910
BID,7/5/2018,21.8067,22.2903,20.5979,20.888,3044050
BID,7/4/2018,22.2902,22.3869,21.2265,22.1452,4641640
BID,7/3/2018,23.9826,24.321,22.2902,22.2902,4944960
BID,7/2/2018,24.6595,25.143,23.5474,23.9342,3542250
BID,6/29/2018,25.143,25.8199,24.8529,25.143,2112720
BID,6/28/2018,25.5298,25.9166,24.9496,25.0463,3833920
BID,6/27/2018,26.8837,27.2705,25.9167,25.9166,1931320
BID,6/26/2018,26.5936,27.1738,26.4002,26.8837,1283390
BID,6/25/2018,27.1254,27.7056,26.9803,27.2705,1937980
BID,6/22/2018,25.1913,26.7386,25.1913,26.5935,2281830
BID,6/21/2018,26.6903,27.0771,25.7232,25.9166,2073850
BID,6/20/2018,26.2067,27.077,25.7715,27.0771,2364060
BID,6/19/2018,25.9166,26.11,24.5627,25.9166,5460120
BID,6/18/2018,28.0441,28.0925,26.3034,26.4001,2873220
BID,6/15/2018,27.0771,28.0441,26.8837,28.0441,2262000
BID,6/14/2018,28.7211,28.9145,27.3672,27.3672,3869180
BID,6/13/2018,28.6243,29.0111,28.1891,28.6727,1672030
BID,6/12/2018,29.3013,29.4947,27.8991,28.6243,4314510
BID,6/11/2018,30.0749,30.8969,29.9782,29.9782,2320290
BID,6/8/2018,30.1716,30.6551,29.7848,30.4617,2683390
BID,6/7/2018,30.7518,31.1386,30.1716,30.1716,3704890
BID,6/6/2018,29.4464,30.7519,28.8178,30.7518,2532640
BID,6/5/2018,29.3013,30.1716,28.6244,29.398,3066250
BID,6/4/2018,28.0441,29.5913,27.4639,29.4947,4878280
BID,6/1/2018,28.0441,29.6881,27.8507,28.721,3634920
BID,5/31/2018,26.4001,28.4309,26.4001,28.2859,3412580
BID,5/30/2018,27.077,27.5605,26.4484,26.6902,2144210
BID,5/29/2018,25.6265,26.6903,24.9496,26.6902,2874020
BID,5/28/2018,26.2068,26.3035,24.9496,24.9496,3902270
BID,5/25/2018,28.8661,29.1079,26.787,26.787,2161610
BID,5/24/2018,29.4947,29.7364,28.4793,28.6727,1089040
BID,5/23/2018,27.8507,29.4946,27.8023,29.4463,1819230
BID,5/22/2018,29.9782,30.365,28.3342,28.3342,3119620
BID,5/21/2018,31.8639,31.8639,30.4617,30.4617,2405890
BID,5/18/2018,31.9123,32.2991,29.9782,31.8639,2937450
BID,5/17/2018,32.1057,32.3958,31.6222,31.9123,1502680
BID,5/16/2018,32.976,33.1694,32.0573,32.1057,1856760
BID,5/15/2018,33.1694,33.8463,32.8793,33.4595,2221560
BID,5/14/2018,33.4595,33.5562,32.5892,33.1694,918220
BID,5/11/2018,31.6221,33.0727,30.4617,32.8793,2116330
BID,5/10/2018,33.2661,34.4265,31.4771,31.6221,2834040
BID,5/9/2018,33.8463,35.0551,33.3628,33.8463,1843140
BID,5/8/2018,33.6046,35.7321,33.2661,34.3298,3013460
BID,5/7/2018,31.8639,33.6045,30.6551,33.6046,3558490
BID,5/4/2018,32.976,33.3628,31.4288,31.4287,1599340
BID,5/3/2018,31.1386,33.7497,30.22,32.5892,4169480
BID,5/2/2018,35.4903,35.6837,32.4925,32.4925,1868640
BID,4/27/2018,35.2002,36.8442,34.8134,34.9101,2026830
BID,4/26/2018,36.554,37.2309,34.3298,35.2969,2207270
BID,4/24/2018,35.7804,37.231,34.7167,36.7474,2503080
BID,4/23/2018,38.4881,39.31,35.4902,35.4903,3210890
BID,4/20/2018,37.2309,38.2463,35.7804,38.1496,2415490
BID,4/19/2018,38.8749,39.0683,36.554,36.7474,2755020
BID,4/18/2018,41.2925,41.2925,38.8749,38.8749,1196420
BID,4/17/2018,38.6815,40.5189,38.3914,40.5189,2516280
BID,4/16/2018,39.6486,40.6156,38.6815,38.6815,2207540
BID,4/13/2018,43.0332,43.3233,40.3255,40.6156,3369270
BID,4/12/2018,42.8398,43.5167,42.1629,42.9365,1816480
BID,4/11/2018,45.2573,45.2573,42.5496,43.0332,2384910
BID,4/10/2018,43.42,44.8706,43.3233,44.0002,4181500
BID,4/9/2018,42.8398,43.5167,41.9695,42.9365,2724810
BID,4/6/2018,42.7431,43.2266,42.3563,42.5497,1469830
BID,4/5/2018,43.3233,43.3233,42.3079,42.5497,1744010
BID,4/4/2018,43.6134,43.9519,43.3233,43.3233,1511210
BID,4/3/2018,43.8068,44.2903,43.2266,43.6134,1340170
BID,4/2/2018,42.3562,43.5167,41.5342,43.5167,2610170
BID,3/30/2018,42.3563,42.5013,41.2442,41.9694,2211040
BID,3/29/2018,43.0815,43.2266,42.3562,42.5497,896470
BID,3/28/2018,42.5497,43.275,41.9695,43.0815,1672540
BID,3/27/2018,44.4837,45.064,42.6464,42.6464,2941390
BID,3/26/2018,40.6156,43.42,40.6156,43.42,1932890
BID,3/23/2018,42.0662,42.1629,40.0354,40.9541,3661530
BID,3/22/2018,42.0661,43.0331,41.8243,42.8398,2525390
BID,3/21/2018,42.0661,42.3562,41.1958,42.0661,1606790
BID,3/20/2018,39.842,41.6794,39.6486,41.0991,1866550
BID,3/19/2018,41.5826,41.6793,39.8419,40.3255,2366180
BID,3/16/2018,40.9057,42.0662,40.4222,41.3892,2628200
BID,3/15/2018,37.7145,40.3255,37.4244,40.3255,3528060
BID,3/14/2018,38.4881,38.4881,37.6178,37.7145,1996080
BID,3/13/2018,37.3277,37.9079,36.7475,37.9079,1980080
BID,3/12/2018,37.4244,37.7145,36.7475,37.3277,2014660
BID,3/9/2018,36.2639,36.7474,35.7804,36.0222,2263330
BID,3/8/2018,36.2639,36.7474,35.7804,35.9738,1132070
BID,3/7/2018,36.7475,36.8442,35.6837,36.2639,2053190
BID,3/6/2018,34.8133,36.4089,34.2815,36.409,2525060
BID,3/5/2018,36.9892,37.1342,34.0397,34.0397,2589100
BID,3/2/2018,35.7804,36.7474,35.6837,36.554,2378830
BID,3/1/2018,37.3277,38.2947,36.2639,36.554,2634150
BID,2/28/2018,36.6507,38.198,36.409,37.7145,4521850
BID,2/27/2018,36.8441,37.521,36.3606,36.8925,2216610
BID,2/26/2018,36.6507,37.4727,36.1672,36.8441,3516600
BID,2/23/2018,35.7804,36.2639,34.7167,35.8771,3624350
BID,2/22/2018,35.7804,37.3276,35.5386,35.587,2856780
BID,2/21/2018,34.8133,36.6023,34.4265,36.1672,2137010
BID,2/13/2018,35.2002,35.2969,33.8464,34.2331,2458380
BID,2/12/2018,31.9122,33.4111,31.4287,33.4112,2363270
BID,2/9/2018,29.0111,31.9122,28.9628,31.2353,1800170
BID,2/8/2018,30.1716,31.7189,30.1716,31.1386,2043470
BID,2/7/2018,30.1716,30.1716,29.0111,30.1716,2058050
BID,2/6/2018,28.2375,29.7847,28.2375,28.2375,3316700
BID,2/5/2018,32.1057,32.2991,30.3167,30.3166,2790640
BID,2/2/2018,32.2024,33.1694,32.009,32.5892,1771520
BID,2/1/2018,33.3628,33.4112,31.8156,32.5892,1894280
BID,1/31/2018,35.9738,36.0222,33.0727,33.0727,1755870
BID,1/30/2018,31.7672,34.8134,31.7672,34.8134,3283230
BID,1/29/2018,31.9122,33.6045,31.9122,33.4595,4395390
BID,1/26/2018,31.4288,31.4288,30.4617,31.4287,5677170
BID,1/25/2018,28.1408,29.3979,27.8507,29.398,7986250
BID,1/22/2018,26.0133,27.6573,25.9649,27.5122,5040120
BID,1/19/2018,26.3034,26.4001,25.7232,26.0133,3553540
BID,1/18/2018,25.7232,26.2067,25.4331,26.2067,1833010
BID,1/17/2018,26.787,27.1738,26.1101,26.11,2847680
BID,1/16/2018,26.4485,26.9803,26.3517,26.787,2368450
BID,1/15/2018,26.1584,26.787,25.8683,26.4001,1787190
BID,1/12/2018,26.3034,26.6418,26.2067,26.3518,2484840
BID,1/11/2018,26.5936,26.8353,26.2551,26.6902,1566970
BID,1/10/2018,26.4968,27.3188,26.4001,26.5452,2817750
BID,1/9/2018,26.932,27.0287,25.143,26.4968,4214750
BID,1/8/2018,26.7869,27.2704,26.4968,26.932,2053870
BID,1/5/2018,26.5935,26.6419,26.0617,26.4968,1908830
BID,1/4/2018,25.9166,26.7869,25.6748,26.6419,4424190
BID,1/3/2018,26.11,26.1584,25.6265,25.9166,2458110
BID,1/2/2018,24.6595,26.1101,24.3694,26.11,2903770
BID,12/29/2017,24.2243,24.6595,23.9342,24.6595,2593290
BID,12/28/2017,23.5957,24.2726,23.5957,23.9342,1382650
BID,12/27/2017,23.4507,23.8375,23.2572,23.5957,1201510
BID,12/26/2017,23.0155,23.3056,22.7254,23.3056,1009560
BID,12/25/2017,23.4024,23.4991,22.9188,23.0155,572480
BID,12/22/2017,23.1122,23.4023,22.7254,23.0639,1931970
BID,12/21/2017,23.6924,23.9825,23.4023,23.4023,1312160
BID,12/20/2017,23.3056,23.8858,23.2572,23.6924,873610
BID,12/19/2017,23.5474,23.8859,23.3056,23.3056,939300
BID,12/18/2017,23.499,23.6924,23.4023,23.5474,1023650
BID,12/15/2017,23.4023,23.6441,23.0639,23.499,642650
BID,12/14/2017,23.0155,23.6924,22.4836,23.6441,1472190
BID,12/13/2017,23.3056,23.4023,22.8704,23.1122,2017220
BID,12/12/2017,23.2089,23.5957,21.6133,23.3056,2619460
BID,12/11/2017,23.1122,23.9825,23.1122,23.2089,1236890
BID,12/8/2017,24.2243,24.3693,23.8374,24.1759,853010
BID,12/7/2017,24.176,24.321,23.7408,24.1759,642950
BID,12/6/2017,23.8858,24.0792,23.6924,24.0309,1856030
BID,12/5/2017,24.8529,24.8529,24.0793,24.0792,2429510
BID,12/4/2017,24.8529,25.3364,24.6595,24.6595,1010470
BID,12/1/2017,24.7561,24.8045,24.5627,24.6595,1313000
BID,11/30/2017,25.143,25.4331,24.6595,24.8045,1539270
BID,11/29/2017,24.0792,24.7561,24.0792,24.7562,1644260
BID,11/28/2017,24.3694,24.5628,23.7408,24.1759,1735860
BID,11/27/2017,24.4661,24.7079,24.2727,24.3694,1300640
BID,11/24/2017,24.4661,24.7079,24.176,24.4661,1762130
BID,11/23/2017,25.143,25.6265,24.4661,24.4661,2648530
BID,11/22/2017,23.2573,24.8529,23.2089,24.8529,4041890
BID,11/21/2017,23.2089,23.6924,23.2089,23.2573,2397310
BID,11/20/2017,23.0155,23.354,22.8705,23.2089,1424750
BID,11/17/2017,23.4024,23.4991,22.7254,23.2573,2518270
BID,11/16/2017,23.2572,23.5474,22.9188,23.354,2383080
BID,11/15/2017,23.5957,23.5957,23.2089,23.4023,1143070
BID,11/14/2017,23.1606,23.5958,22.7254,23.499,1976900
BID,11/13/2017,22.8705,23.1606,22.8221,23.1606,1456000
BID,11/10/2017,22.532,23.4023,22.532,22.8221,2655350
BID,11/9/2017,23.0155,23.1122,22.6287,22.7254,2328420
BID,11/8/2017,22.0968,23.0155,21.9517,23.0155,3162900
BID,11/7/2017,21.9517,22.2902,21.855,22.0968,2397470
BID,11/6/2017,21.6616,22.0968,21.5165,22.0968,2248950
BID,11/3/2017,21.0814,21.6616,20.7913,21.6616,2000100
BID,11/2/2017,21.6616,21.8067,20.7913,21.1781,2240060
BID,11/1/2017,21.1298,21.71,21.1298,21.6616,2540230
BID,10/31/2017,21.0814,21.4199,20.7913,21.1298,2860900
BID,10/30/2017,20.5012,21.5649,20.5012,21.1298,5516030
BID,10/27/2017,20.0177,20.5012,19.8726,20.5012,1525120
BID,10/26/2017,20.2111,20.5012,19.6309,20.0177,1949360
BID,10/25/2017,20.0176,20.5979,20.0176,20.3078,1419710
BID,10/24/2017,19.9693,20.2111,19.921,20.066,991780
BID,10/23/2017,20.5012,20.743,20.1144,20.2111,2104280
BID,10/20/2017,20.4045,20.743,20.4045,20.6946,2795090
BID,10/19/2017,20.5012,20.6462,20.1144,20.5496,2221120
BID,10/18/2017,20.7913,20.9847,20.5979,20.6946,3877330
BID,10/17/2017,19.7276,20.7913,19.7276,20.7913,5851150
BID,10/16/2017,19.5342,19.776,19.5342,19.6792,1723790
BID,10/13/2017,19.4374,19.5825,19.3891,19.5342,720350
BID,10/12/2017,19.6309,19.776,19.4858,19.4858,1237240
BID,10/11/2017,19.4375,19.776,19.3892,19.6309,2054250
BID,10/10/2017,19.3408,19.5342,19.2924,19.3408,786110
BID,10/9/2017,19.5342,19.6309,19.3408,19.3408,1931480
BID,10/6/2017,19.1957,19.5342,19.1474,19.2924,2512220
BID,10/5/2017,19.5342,19.5825,19.1957,19.2441,1259970
BID,10/4/2017,19.2441,19.5342,19.1957,19.3891,1798560
BID,10/3/2017,19.1473,19.5341,19.0506,19.1957,2747020
BID,10/2/2017,18.9539,19.3407,18.9539,19.0506,1316100
BID,9/29/2017,19.0023,19.1957,18.9539,18.9539,2047180
BID,9/28/2017,19.5342,19.7276,19.0023,19.0023,2620840
BID,9/27/2017,19.7276,19.8243,19.5342,19.5342,1270120
BID,9/26/2017,19.7276,19.921,19.6792,19.7276,1400280
BID,9/25/2017,19.921,19.9694,19.6309,19.7276,1296670
BID,9/22/2017,20.0176,20.2111,19.9209,19.921,1539180
BID,9/21/2017,19.7276,20.2111,19.6792,20.1627,3542580
BID,9/20/2017,19.9693,19.9693,19.7275,19.8243,1165030
BID,9/19/2017,19.921,20.1628,19.7759,19.9693,1771760
BID,9/18/2017,19.7276,20.0177,19.6792,19.8243,1867500
BID,9/15/2017,19.9693,19.9693,19.6792,19.7276,761660
BID,9/14/2017,19.6792,20.1628,19.6309,19.9693,1630270
BID,9/13/2017,19.9694,20.0177,19.6792,19.8243,865900
BID,9/12/2017,19.4375,20.0177,19.3891,19.8243,1086660
BID,9/11/2017,19.5341,19.921,19.3407,19.5342,1595410
BID,9/8/2017,20.1627,20.1627,19.6792,19.6792,2150240
BID,9/7/2017,19.8726,20.5012,19.8726,20.1627,2388710
BID,9/6/2017,20.0176,20.211,19.7759,19.921,2638220
BID,9/5/2017,20.3077,20.3077,19.9209,20.2594,1769650
BID,9/1/2017,20.4045,20.888,20.0661,20.3561,3772890
BID,8/31/2017,18.7606,20.0177,18.7122,20.0177,5421350
BID,8/30/2017,19.0507,19.0507,18.7122,18.7122,1728800
BID,8/29/2017,19.0023,19.2441,18.9539,19.0023,1636320
BID,8/28/2017,19.099,19.2441,18.9056,19.0023,1189610
BID,8/25/2017,19.2441,19.4375,19.0507,19.099,1774880
BID,8/24/2017,18.8089,19.244,18.7605,19.1474,2016560
BID,8/23/2017,18.5188,18.8573,18.4221,18.7605,1180060
BID,8/22/2017,18.9539,18.9539,18.5188,18.5188,1799420
BID,8/21/2017,19.099,19.1957,18.5671,19.0023,1027780
BID,8/18/2017,18.3737,19.3407,18.1803,19.099,2250620
BID,8/17/2017,19.3408,19.4859,18.4705,18.5671,5639850
BID,8/16/2017,19.6309,19.7276,19.1474,19.3408,2001570
BID,8/15/2017,20.066,20.1144,19.6309,19.6309,1784120
BID,8/14/2017,19.6309,20.1144,19.3408,20.1144,1736920
BID,8/11/2017,19.5342,19.7276,19.1474,19.6309,2439370
BID,8/10/2017,19.5342,20.1144,18.7606,19.6309,4450650
BID,8/9/2017,21.3708,21.3708,19.7269,19.7276,9682480
BID,8/8/2017,21.1774,21.2711,20.99,21.1774,2963240
BID,8/7/2017,20.8026,21.1306,20.8026,21.0837,3107320
BID,8/4/2017,21.4585,21.4585,20.99,20.99,2565930
BID,8/3/2017,20.9899,21.5522,20.9899,21.4585,4418090
BID,8/2/2017,20.4746,21.5054,20.2872,21.0368,6829100
BID,8/1/2017,20.6152,20.9432,20.4278,20.8026,3554410
BID,7/31/2017,19.7718,20.9431,19.7718,20.8026,6728350
BID,7/28/2017,19.5376,19.8655,19.3033,19.6781,5408060
BID,7/27/2017,19.3033,19.5376,19.1159,19.397,3954610
BID,7/26/2017,19.1159,19.5844,19.069,19.3033,4938950
BID,7/25/2017,18.1788,19.2096,18.1788,19.2096,4854620
BID,7/24/2017,17.9914,18.2726,17.7572,18.1788,1521320
BID,7/21/2017,18.4599,18.5536,18.0382,18.0383,2846690
BID,7/20/2017,18.0382,18.3662,17.8039,18.3662,2885390
BID,7/19/2017,17.9445,18.0382,17.804,17.8508,1785650
BID,7/18/2017,17.6634,17.8977,17.5229,17.7571,1988430
BID,7/17/2017,18.2257,18.2725,17.6634,17.7103,2508150
BID,7/14/2017,18.46,18.46,18.0851,18.0851,1615650
BID,7/13/2017,18.0851,18.4131,18.0382,18.3194,1427810
BID,7/12/2017,18.4599,18.4599,18.0851,18.0851,2218530
BID,7/11/2017,18.4599,18.5068,17.8508,18.4599,2406080
BID,7/10/2017,18.9285,19.0222,18.46,18.4599,4280320
BID,7/7/2017,19.0222,19.3033,18.8816,18.9285,4883780
BID,7/6/2017,19.2096,19.397,18.8816,19.0222,5082620
BID,7/5/2017,19.0691,19.1628,18.9285,19.1159,3792250
BID,7/4/2017,19.5844,19.5844,18.9285,19.0222,3960190
BID,7/3/2017,19.1159,19.6313,19.1159,19.397,3702190
BID,6/30/2017,18.9285,19.1159,18.9285,19.1159,2718220
BID,6/29/2017,18.8816,19.3033,18.8816,19.0222,5414500
BID,6/28/2017,18.6004,18.9284,18.4599,18.6942,3584220
BID,6/27/2017,18.9285,19.0691,18.6474,18.6473,3955780
BID,6/26/2017,18.6473,19.069,18.5536,18.9285,4079030
BID,6/23/2017,18.4599,18.6474,18.3662,18.6473,4067480
BID,6/22/2017,19.1159,19.2096,18.6005,18.6005,4700650
BID,6/21/2017,19.1158,19.3033,18.6005,19.0222,7245070
BID,6/20/2017,19.0221,19.3032,18.8347,19.2564,6648680
BID,6/19/2017,18.7411,18.7879,18.5537,18.741,4812540
BID,6/16/2017,18.4599,18.6473,18.413,18.5068,3740610
BID,6/15/2017,18.8347,18.8347,18.413,18.5536,5827220
BID,6/14/2017,18.4599,18.8347,18.4131,18.741,7438470
BID,6/13/2017,17.804,18.4599,17.7102,18.2725,4418920
BID,6/12/2017,17.7103,18.0382,17.5697,17.7571,4459550
BID,6/9/2017,17.8977,18.0383,17.6166,17.6634,4780100
BID,6/8/2017,18.0851,18.1788,17.7103,17.8977,3776460
BID,6/7/2017,18.2725,18.5068,18.0851,18.1788,6665550
BID,6/6/2017,17.4292,18.2257,17.3355,18.1788,8701470
BID,6/5/2017,17.3355,17.6166,17.2418,17.5229,3173120
BID,6/2/2017,17.1481,17.2418,16.8201,17.1012,5040700
BID,6/1/2017,17.3355,17.476,17.148,17.1481,3182440
BID,5/31/2017,17.1949,17.4292,17.0075,17.2886,4665780
BID,5/30/2017,17.7103,17.9914,17.1949,17.1949,7521710
BID,5/29/2017,18.2725,18.5536,17.7103,17.804,6835440
BID,5/26/2017,17.804,18.2725,17.804,18.2725,6662620
BID,5/25/2017,18.0383,18.46,17.804,17.8977,8562650
BID,5/24/2017,17.2886,18.1319,17.148,18.0383,9620910
BID,5/23/2017,17.2418,17.9446,17.0075,17.3823,10107090
BID,5/22/2017,16.3047,17.2418,16.3047,17.2418,15701040
BID,5/19/2017,15.7894,16.1173,15.6956,16.1173,5387170
BID,5/18/2017,15.6488,15.9768,15.6019,15.7425,3270310
BID,5/17/2017,15.7425,15.8362,15.6019,15.6488,2289770
BID,5/16/2017,15.9299,15.9768,15.6488,15.8362,3557650
BID,5/15/2017,15.8361,15.883,15.6487,15.8362,3094730
BID,5/12/2017,15.9299,16.211,15.8362,15.883,3232780
BID,5/11/2017,16.0236,16.1642,15.9299,15.9299,3438740
BID,5/10/2017,15.5551,16.211,15.5551,16.0236,6204060
BID,5/9/2017,15.3677,15.6488,15.3208,15.5551,3390050
BID,5/8/2017,15.6019,15.6019,15.2739,15.4614,2750130
BID,5/5/2017,15.7425,15.7425,15.3677,15.5082,2558190
BID,5/4/2017,15.5551,15.9768,15.4145,15.7425,3603070
BID,5/3/2017,15.5551,15.7425,15.4614,15.5551,2134200
BID,4/28/2017,15.274,15.6488,15.274,15.5551,4054470
BID,4/27/2017,15.4614,15.6488,15.4145,15.5551,1305200
BID,4/26/2017,15.2739,15.6956,15.1334,15.4614,3093360
BID,4/25/2017,15.3677,15.4614,15.1802,15.3208,2039700
BID,4/24/2017,15.4613,15.5551,15.2739,15.3208,915040
BID,4/21/2017,15.6957,15.8362,15.4614,15.5082,2322130
BID,4/20/2017,15.274,15.8362,15.1334,15.5551,3276820
BID,4/19/2017,15.4614,15.4614,15.274,15.274,2200740
BID,4/18/2017,15.3677,15.4614,15.1803,15.4614,3394390
BID,4/17/2017,15.9298,15.9767,15.3676,15.3677,2640550
BID,4/14/2017,15.6488,15.9768,15.4145,15.9767,4089000
BID,4/13/2017,15.8362,16.0236,15.7425,15.8362,4017550
BID,4/12/2017,15.9299,16.1173,15.7425,15.9299,3272610
BID,4/11/2017,15.9299,15.9768,15.6956,15.9299,3274570
BID,4/10/2017,16.1173,16.1642,15.9299,15.9299,3210070
BID,4/7/2017,16.0235,16.1641,15.7424,16.0236,4065580
BID,4/5/2017,16.1173,16.2579,16.0236,16.0704,3256600
BID,4/4/2017,16.211,16.3515,15.9767,16.1173,3160690
BID,4/3/2017,16.3516,16.4453,16.0705,16.0704,3046160
BID,3/31/2017,16.6327,16.6327,16.3047,16.4453,2402720
BID,3/30/2017,16.3047,16.7264,16.2578,16.6327,5467270
BID,3/29/2017,16.3516,16.3516,16.0236,16.3047,4029300
BID,3/28/2017,16.4921,16.6796,16.3047,16.3047,3129920
BID,3/27/2017,16.8669,17.0075,16.5389,16.6327,7212840
BID,3/24/2017,16.539,16.7733,16.3047,16.7732,8242990
BID,3/23/2017,16.3047,16.539,16.1173,16.3516,3455890
BID,3/22/2017,16.3047,16.539,16.211,16.3047,9321930
BID,3/21/2017,15.7425,16.3047,15.7425,16.3047,10006770
BID,3/20/2017,15.6488,15.7425,15.4145,15.6956,3017280
BID,3/17/2017,15.3208,15.6956,15.2739,15.6488,4646040
BID,3/16/2017,15.4145,15.5082,15.2271,15.3208,1860750
BID,3/15/2017,15.274,15.4146,15.2271,15.4145,1177930
BID,3/14/2017,15.3208,15.4614,15.274,15.3677,2190590
BID,3/13/2017,15.4613,15.5082,15.2739,15.4614,1377930
BID,3/10/2017,15.8362,15.8362,15.5082,15.5082,2210220
BID,3/9/2017,15.5551,15.8831,15.5082,15.7425,4635690
BID,3/8/2017,15.3677,15.6957,15.274,15.5551,2091720
BID,3/7/2017,15.5551,15.5551,15.3677,15.4614,1229860
BID,3/6/2017,15.5551,15.6488,15.3677,15.5551,2663090
BID,3/3/2017,15.0866,15.3677,14.8054,15.3677,3291400
BID,3/2/2017,15.3677,15.4614,15.0397,15.0397,2357980
BID,3/1/2017,15.4145,15.4145,15.0865,15.274,2971500
BID,2/28/2017,15.6019,15.6488,15.3677,15.4145,1374710
BID,2/27/2017,15.4613,15.6488,15.4145,15.6488,1299320
BID,2/24/2017,15.4613,15.7425,15.4613,15.6019,2717550
BID,2/23/2017,15.5551,15.6488,15.3208,15.6019,1917960
BID,2/22/2017,15.6957,15.7425,15.4614,15.5551,2027200
BID,2/21/2017,15.602,15.7894,15.602,15.6488,3466220
BID,2/20/2017,15.7425,15.7893,15.4614,15.5551,4319650
BID,2/17/2017,15.8362,15.9768,15.6956,15.8362,2315410
BID,2/16/2017,16.1642,16.3516,15.9299,15.9299,4207540
BID,2/15/2017,15.883,16.3047,15.7893,16.2579,3866520
BID,2/14/2017,15.8362,15.9767,15.7893,15.9299,3452520
BID,2/13/2017,16.0236,16.0705,15.7893,15.7893,2356920
BID,2/10/2017,15.7893,16.0704,15.7424,16.0236,3882460
BID,2/9/2017,15.9299,16.0705,15.7893,15.7893,3894230
BID,2/8/2017,16.0236,16.1173,15.7893,15.9299,3716420
BID,2/7/2017,15.9767,16.2579,15.883,16.0236,3550940
BID,2/6/2017,16.1173,16.3047,15.9299,16.1173,2896390
BID,2/3/2017,16.1173,16.4453,15.9767,16.1173,4057580
BID,2/2/2017,15.8362,16.1173,15.6019,16.1173,3033030
BID,1/25/2017,15.9299,15.9299,15.4614,15.8362,2424360
BID,1/24/2017,15.7893,16.0704,15.7893,15.9299,3130040
BID,1/23/2017,15.6488,15.9299,15.555,15.7893,3412290
BID,1/20/2017,15.4614,15.8362,15.3676,15.6019,3226890
BID,1/19/2017,15.3208,15.6019,15.2739,15.4145,1997400
BID,1/18/2017,15.7425,16.211,15.4145,15.4145,5523490
BID,1/17/2017,15.0865,15.7893,14.946,15.7425,6538420
BID,1/16/2017,15.2271,15.274,14.8054,14.8054,2739610
BID,1/13/2017,15.4614,15.5083,15.1334,15.2271,3414240
BID,1/12/2017,15.5551,15.5551,15.3677,15.4614,3541500
BID,1/11/2017,15.1802,15.555,15.0396,15.5551,7292910
BID,1/10/2017,15.0865,15.1802,14.9459,15.0865,2471780
BID,1/9/2017,14.8055,15.3677,14.8055,15.1802,6160700
BID,1/6/2017,14.2432,15.0397,14.2432,14.7586,6338280
BID,1/5/2017,14.3838,14.7118,14.2432,14.4306,1988580
BID,1/4/2017,14.3369,14.7117,14.3369,14.4775,4674470
BID,1/3/2017,13.4467,14.1963,13.4467,14.1963,4954000
BID,12/30/2016,13.3529,13.4935,13.3061,13.3061,1439980
BID,12/29/2016,13.4935,13.5404,13.3061,13.3998,1707820
BID,12/28/2016,13.6342,13.6342,13.3999,13.5404,1805210
BID,12/27/2016,13.681,13.681,13.4467,13.5873,1463890
BID,12/26/2016,13.681,13.8216,13.6341,13.681,1127830
BID,12/23/2016,13.681,13.681,13.4467,13.681,1837280
BID,12/22/2016,13.8215,13.8215,13.5873,13.681,967740
BID,12/21/2016,13.8215,13.9621,13.6341,13.9621,1778310
BID,12/20/2016,13.8684,13.9152,13.7278,13.8215,1298970
BID,12/19/2016,13.7278,14.0558,13.7278,13.8215,1823730
BID,12/16/2016,13.6341,13.8684,13.6341,13.7278,1663470
BID,12/15/2016,13.8684,14.0558,13.5873,14.0558,2157870
BID,12/14/2016,13.2124,14.2431,13.1655,14.2432,1762620
BID,12/13/2016,13.5873,13.5873,13.1188,13.3998,2488130
BID,12/12/2016,13.6809,13.8215,13.5404,13.681,1565240
BID,12/9/2016,13.8684,13.9621,13.7278,13.8215,772520
BID,12/8/2016,13.8215,13.9152,13.7278,13.8684,1623610
BID,12/7/2016,13.8215,13.9152,13.7278,13.8215,1784350
BID,12/6/2016,14.1026,14.1495,13.5873,13.8215,2279090
BID,12/5/2016,14.3369,14.3369,14.0558,14.2432,1640570
BID,12/2/2016,14.3837,14.4306,14.2432,14.3369,1335510
BID,12/1/2016,14.4306,14.4306,14.29,14.4306,2936240
BID,11/30/2016,14.4306,14.4775,14.1963,14.3369,2368910
BID,11/29/2016,14.7117,14.7586,14.2432,14.2432,1665320
BID,11/28/2016,14.8054,14.8054,14.5711,14.7117,1818540
BID,11/25/2016,14.9928,14.9928,14.7117,14.8991,840410
BID,11/24/2016,15.0865,15.0865,14.7117,14.9928,617020
BID,11/23/2016,15.1802,15.3208,15.0865,15.0865,3221530
BID,11/22/2016,14.5243,15.0865,14.5243,15.0865,1905030
BID,11/21/2016,14.4306,14.7117,14.4306,14.5243,2002790
BID,11/18/2016,14.3838,14.3838,14.2432,14.3369,837340
BID,11/17/2016,14.4775,14.4775,14.3369,14.3369,680780
BID,11/16/2016,14.3838,14.5244,14.3838,14.4775,554170
BID,11/15/2016,14.3838,14.5244,14.3369,14.3838,943440
BID,11/14/2016,14.7586,14.7586,14.3369,14.3838,1117210
BID,11/11/2016,14.7117,14.8523,14.5711,14.7117,730860
BID,11/10/2016,14.8991,14.8991,14.7117,14.8054,1048200
BID,11/9/2016,14.8055,14.8055,13.8684,14.8054,1444880
BID,11/8/2016,14.8054,14.9928,14.7585,14.7586,650940
BID,11/7/2016,14.9459,15.1802,14.8054,14.8054,1291320
BID,11/4/2016,14.8991,15.1802,14.8054,15.1802,1590540
BID,11/3/2016,15.1806,15.1806,14.8526,15.0865,1917430
BID,11/2/2016,15.1267,15.1267,14.8598,14.9932,1422400
BID,11/1/2016,14.8597,15.1266,14.8152,15.1267,1407290
BID,10/31/2016,15.2156,15.3046,14.8597,14.8597,1090960
BID,10/28/2016,14.9487,15.3046,14.9042,15.2156,1926490
BID,10/27/2016,15.2156,15.2601,14.8597,14.8597,2307600
BID,10/26/2016,15.3936,15.5716,15.1267,15.3491,1230860
BID,10/25/2016,15.705,15.705,15.3046,15.5271,2232770
BID,10/24/2016,15.8385,15.9274,15.6605,15.705,3458020
BID,10/21/2016,15.4825,15.7495,15.4825,15.6605,929330
BID,10/20/2016,15.8385,15.8385,15.5715,15.6605,2281060
BID,10/19/2016,14.9932,15.7496,14.9932,15.7495,5957570
BID,10/18/2016,15.2156,15.2156,14.9042,15.1267,251130
BID,10/17/2016,15.0377,15.2602,15.0377,15.2156,897530
BID,10/14/2016,14.8597,15.2156,14.8152,15.1267,2349780
BID,10/13/2016,14.9042,14.9487,14.8597,14.9487,421910
BID,10/12/2016,14.9487,15.0377,14.8597,14.9487,422240
BID,10/11/2016,14.9042,14.9487,14.5928,14.9487,1974890
BID,10/10/2016,15.0822,15.2157,14.8598,14.9042,778870
BID,10/7/2016,15.3046,15.3936,15.0822,15.1267,905070
BID,10/6/2016,15.3491,15.4381,15.1711,15.3936,2478390
BID,10/5/2016,15.2156,15.527,15.1266,15.3936,1597280
BID,10/4/2016,15.0377,15.4381,14.9932,15.2156,1684540
BID,10/3/2016,15.1267,15.2157,14.9042,15.1267,1677100
BID,9/30/2016,14.8598,15.2157,14.8153,15.1267,1672670
BID,9/29/2016,15.3936,15.3936,14.9042,15.1267,1270170
BID,9/28/2016,14.9487,15.4381,14.8597,15.4381,3589280
BID,9/27/2016,14.0589,14.9487,14.0589,14.9487,4499140
BID,9/26/2016,14.2813,14.2813,14.0588,14.1924,775690
BID,9/23/2016,14.2813,14.2813,14.1033,14.2813,753340
BID,9/22/2016,14.3258,14.5038,14.2368,14.2813,502770
BID,9/21/2016,14.0589,14.5038,14.0589,14.3258,960130
BID,9/20/2016,14.0144,14.2369,13.8364,14.2369,983190
BID,9/19/2016,14.1479,14.1924,14.0144,14.0589,367810
BID,9/16/2016,14.1479,14.1479,13.881,14.1034,758660
BID,9/15/2016,14.1479,14.2369,14.0144,14.1479,916150
BID,9/14/2016,14.2368,14.3258,14.1479,14.1479,652350
BID,9/13/2016,14.4148,14.5038,14.3258,14.4148,477480
BID,9/12/2016,14.5928,14.6373,14.3258,14.5038,815890
BID,9/9/2016,14.4148,14.5038,14.4148,14.5038,447890
BID,9/8/2016,14.5038,14.5038,14.2368,14.5038,541640
BID,9/7/2016,14.3258,14.4148,14.1478,14.3258,1329560
BID,9/6/2016,14.3259,14.5038,14.3259,14.3258,828750
BID,9/5/2016,14.5038,14.5928,14.1479,14.5928,1306300
BID,9/1/2016,14.5928,14.5928,14.3259,14.5928,900430
BID,8/31/2016,14.5928,14.6818,14.5038,14.5928,734920
BID,8/30/2016,14.5928,14.6818,14.5038,14.6818,466210
BID,8/29/2016,14.6818,14.7708,14.5928,14.6818,1091630
BID,8/26/2016,14.5928,14.8597,14.5038,14.5928,1297270
BID,8/25/2016,14.5038,14.5928,14.3258,14.5038,703200
BID,8/24/2016,14.6818,14.6818,14.4149,14.5038,1612330
BID,8/23/2016,14.5928,14.6818,14.5038,14.6818,903350
BID,8/22/2016,14.5927,14.7707,14.5927,14.6818,1257980
BID,8/19/2016,14.8597,14.8597,14.5038,14.7707,2029450
BID,8/18/2016,14.9487,14.9487,14.6818,14.8597,1343540
BID,8/17/2016,15.0377,15.1267,14.8597,15.0377,285200
BID,8/16/2016,15.2156,15.2156,14.9487,15.0377,827940
BID,8/15/2016,15.0376,15.2156,14.9487,15.2156,632830
BID,8/12/2016,15.2156,15.3936,14.9487,15.2156,434800
BID,8/11/2016,15.0377,15.3936,14.8597,15.3936,1228890
BID,8/10/2016,14.5038,15.0377,14.5038,15.0377,1148170
BID,8/9/2016,14.7707,14.8597,14.5927,14.6818,519900
BID,8/8/2016,14.6817,14.7707,14.4148,14.7707,1551990
BID,8/5/2016,14.8597,14.9487,14.5038,14.8597,1690970
BID,8/4/2016,15.2156,15.3046,15.0376,15.0377,1128240
BID,8/3/2016,15.3046,15.3046,14.9487,15.2156,1317460
BID,8/2/2016,15.5715,15.5715,15.1266,15.2156,1169700
BID,8/1/2016,15.8385,15.8385,15.4825,15.6605,707890
BID,7/29/2016,15.5715,15.6605,15.4825,15.6605,805210
BID,7/28/2016,15.6605,15.8385,15.5715,15.6605,501590
BID,7/27/2016,15.4826,15.8385,15.4826,15.7495,1091370
BID,7/26/2016,15.6605,15.7495,15.4825,15.5716,858490
BID,7/25/2016,15.7495,15.8385,15.5715,15.6605,581260
BID,7/22/2016,15.6605,15.7495,15.3936,15.7495,2009510
BID,7/21/2016,15.7495,15.9275,15.6605,15.7495,1705470
BID,7/20/2016,16.0165,16.1055,15.7496,15.7495,1363320
BID,7/19/2016,16.5503,16.5503,15.8385,16.0165,2758450
BID,7/18/2016,16.2834,16.6394,16.1055,16.5503,2082080
BID,7/15/2016,16.4613,16.5503,16.2834,16.4614,1123160
BID,7/14/2016,16.5504,16.9953,16.5504,16.5503,4315400
BID,7/13/2016,15.8385,16.6393,15.8385,16.4614,4327780
BID,7/12/2016,15.9275,15.9275,15.6605,15.8385,687640
BID,7/11/2016,15.8385,16.1054,15.5716,15.8385,2012310
BID,7/8/2016,15.9275,15.9275,15.3936,15.8385,1266730
BID,7/7/2016,15.8385,15.9275,15.7495,15.9275,602090
BID,7/6/2016,15.8385,15.9275,15.7496,15.9275,598240
BID,7/5/2016,15.5716,16.1945,15.4826,16.0165,2066340
BID,7/4/2016,15.4826,15.5716,15.2157,15.5716,1555770
BID,7/1/2016,15.4826,15.6606,15.3936,15.4826,788490
BID,6/30/2016,15.6605,15.7495,15.4825,15.5716,639570
BID,6/29/2016,15.5716,15.8385,15.4826,15.6605,1083530
BID,6/28/2016,15.5716,15.5716,15.3047,15.5716,351720
BID,6/27/2016,15.3936,15.5715,15.2156,15.5716,799990
BID,6/24/2016,15.9275,15.9275,15.0377,15.7495,1936510
BID,6/23/2016,15.9275,16.1055,15.8385,16.0165,764500
BID,6/22/2016,16.0165,16.0165,15.8385,15.9275,371290
BID,6/21/2016,16.1945,16.1945,15.9275,16.0165,575810
BID,6/20/2016,15.9275,16.0165,15.8385,16.0165,595980
BID,6/17/2016,16.0165,16.1055,15.7496,16.0165,965090
BID,6/16/2016,16.1944,16.2834,16.0164,16.0165,819390
BID,6/15/2016,16.0164,16.2834,16.0164,16.1054,867900
BID,6/14/2016,16.1054,16.2834,16.0165,16.1054,1115200
BID,6/13/2016,16.4613,16.5503,16.1944,16.2834,886660
BID,6/10/2016,16.6393,16.9063,16.5503,16.5503,3935310
BID,6/9/2016,16.2834,16.8173,16.1944,16.7283,2943510
BID,6/8/2016,16.0164,16.4613,16.0164,16.2834,1699270
BID,6/7/2016,16.2834,16.2834,16.0164,16.1054,1149500
BID,6/6/2016,16.2834,16.2834,16.0165,16.1944,1083280
BID,6/3/2016,16.4614,16.5504,16.2834,16.2834,1115540
BID,6/2/2016,16.2834,16.4614,16.1944,16.4614,834990
BID,6/1/2016,16.0164,16.3724,16.0164,16.2834,1032960
BID,5/31/2016,16.1944,16.3723,16.1054,16.1944,1813280
BID,5/30/2016,15.8385,16.1944,15.7495,16.1054,661330
BID,5/27/2016,15.5716,15.8385,15.3936,15.8385,1466540
BID,5/26/2016,15.8385,15.9275,15.4826,15.5716,1602380
BID,5/25/2016,16.0165,16.1944,15.9275,15.9275,938560
BID,5/24/2016,15.9275,16.1055,15.7495,15.9275,1644700
BID,5/23/2016,16.2834,16.3724,15.9275,15.9275,1529710
BID,5/20/2016,16.5503,16.7283,16.1944,16.2834,1977000
BID,5/19/2016,16.8173,16.9063,16.5504,16.5503,966170
BID,5/18/2016,16.9063,17.1732,16.8173,16.9063,1985700
BID,5/17/2016,16.7283,17.0842,16.6393,16.9063,3209630
BID,5/16/2016,16.5503,16.7283,16.4613,16.5503,1573350
BID,5/13/2016,16.5503,16.8173,16.4613,16.6393,3104020
BID,5/12/2016,16.6393,16.6393,16.3723,16.6393,2149990
BID,5/11/2016,16.4614,16.6393,16.3724,16.5503,3121100
BID,5/10/2016,15.7495,16.4614,15.5716,16.2834,3716070
BID,5/9/2016,16.1944,16.3723,15.7495,15.8385,2115080
BID,5/6/2016,15.7495,16.3724,15.7495,16.1054,4363520
BID,5/5/2016,15.3046,16.0165,15.3046,15.7495,3034260
BID,5/4/2016,15.3936,15.7496,15.1267,15.3936,1426100
BID,4/29/2016,14.6818,15.5716,14.6818,15.5716,3038650
BID,4/28/2016,15.1267,15.2157,14.6818,14.6818,866470
BID,4/27/2016,15.4826,15.4826,14.9487,15.1267,1222870
BID,4/26/2016,15.5716,15.5716,15.2157,15.3936,956530
BID,4/25/2016,15.5716,16.0165,15.5716,15.5716,3955540
BID,4/22/2016,14.0589,15.1267,13.9699,15.1267,2817020
BID,4/21/2016,14.0589,14.1479,13.8809,14.1479,854710
BID,4/20/2016,13.9699,14.1478,13.8809,13.9699,1067790
BID,4/19/2016,14.1479,14.1479,13.881,13.8809,1099770
BID,4/15/2016,14.4148,14.4148,14.1479,14.2369,701360
BID,4/14/2016,14.0589,14.5038,13.9699,14.1479,1642570
BID,4/13/2016,14.2368,14.3258,13.7919,14.0589,2085010
BID,4/12/2016,14.6817,14.7707,14.3258,14.4148,1533930
BID,4/11/2016,14.9487,15.0377,14.6818,14.8597,1312000
BID,4/8/2016,15.0377,15.0377,14.9487,14.9487,259830
BID,4/7/2016,15.1267,15.1267,14.9487,15.0377,452990
BID,4/6/2016,14.7707,15.0376,14.7707,15.0377,1197530
BID,4/5/2016,14.6818,14.8598,14.6818,14.7707,437370
BID,4/4/2016,14.7707,15.1266,14.6817,14.6818,764980
BID,4/1/2016,14.9487,15.1266,14.7707,14.7707,1187420
BID,3/31/2016,15.2157,15.3046,14.8597,14.8597,769430
BID,3/30/2016,15.0377,15.1267,14.8597,15.0377,824140
BID,3/29/2016,15.1266,15.3046,15.0377,15.0377,697840
BID,3/28/2016,15.4826,15.4826,15.2156,15.3046,580320
BID,3/25/2016,15.3046,15.3936,15.0377,15.3936,1473220
BID,3/24/2016,15.5715,15.5715,15.3046,15.3046,943010
BID,3/23/2016,15.3936,15.6605,15.3936,15.6605,994300
BID,3/22/2016,15.6605,15.6605,15.3936,15.3936,1313850
BID,3/21/2016,15.7495,15.9274,15.6605,15.6605,1464080
BID,3/18/2016,15.7495,15.7495,15.3936,15.6605,954300
BID,3/17/2016,15.8385,15.9275,15.7495,15.7495,970590
BID,3/16/2016,15.5716,15.8385,15.4826,15.7495,1398670
BID,3/15/2016,15.7495,15.7495,15.4826,15.5716,1208710
BID,3/14/2016,15.8385,15.9275,15.6605,15.7495,968310
BID,3/11/2016,15.9275,16.0164,15.7495,15.7495,1299460
BID,3/10/2016,15.6606,15.7495,15.4826,15.7495,951910
BID,3/9/2016,15.8385,15.9275,15.3936,15.4826,1236990
BID,3/8/2016,15.9275,16.0165,15.7495,15.8385,1485440
BID,3/7/2016,16.1944,16.1944,15.9274,15.9275,1713710
BID,3/4/2016,16.1944,16.2834,16.1054,16.1054,1180200
BID,3/3/2016,16.2834,16.3724,16.0165,16.1944,1274450
BID,3/2/2016,16.0164,16.2834,15.9275,16.2834,1811300
BID,3/1/2016,15.7495,16.1054,15.7495,15.7495,1866330
BID,2/29/2016,16.1944,16.2834,15.7495,15.7495,2484180
BID,2/26/2016,16.4614,16.6393,16.1944,16.3724,1813600
BID,2/25/2016,16.5503,16.9062,16.1054,16.2834,3264500
BID,2/24/2016,15.0377,16.1055,14.9487,16.1054,5780650
BID,2/23/2016,15.3936,15.4826,15.0377,15.1267,1871900
BID,2/22/2016,14.8598,15.3047,14.7708,15.3046,2247920
BID,2/19/2016,14.4148,14.8597,14.3258,14.6818,1647780
BID,2/18/2016,14.4149,14.5928,14.3259,14.3258,1277910
BID,2/17/2016,14.5038,14.5038,14.2369,14.2369,1511740
BID,2/16/2016,14.6818,14.6818,14.4148,14.5038,781240
BID,2/15/2016,14.5038,14.6818,14.3259,14.5928,452890
BID,2/5/2016,14.4148,14.5928,14.3258,14.5928,490750
BID,2/4/2016,14.6818,14.7708,14.4148,14.4148,1099370
BID,2/3/2016,14.3258,14.5928,14.2368,14.5928,718690
BID,2/2/2016,14.5038,14.9487,14.2369,14.4148,824540
BID,2/1/2016,14.6818,15.0377,14.5038,14.5038,1626710
BID,1/29/2016,14.6818,15.0377,14.5928,14.9487,1764470
BID,1/28/2016,15.5715,15.5715,14.6817,14.6818,1853090
BID,1/27/2016,14.6818,15.3936,14.5928,15.3046,2314620
BID,1/26/2016,14.5038,14.9487,13.792,14.6818,2678070
BID,1/25/2016,13.881,14.2369,13.792,14.2369,1964520
BID,1/22/2016,14.0589,14.1479,13.0801,13.3471,5376560
BID,1/21/2016,14.9487,15.0377,14.0589,14.0589,2699730
BID,1/20/2016,15.2156,15.2156,14.9487,15.0377,760120
BID,1/19/2016,14.7707,15.3046,14.7707,15.2156,1606710
BID,1/18/2016,15.4826,15.4826,14.7707,14.7707,3664530
BID,1/15/2016,16.4614,16.7283,15.8385,15.8385,1334000
BID,1/14/2016,16.7283,16.8173,16.3724,16.4614,1115000
BID,1/13/2016,17.2622,17.3512,16.8173,16.9063,528540
BID,1/12/2016,16.9063,17.1732,16.9063,17.1732,615630
BID,1/11/2016,16.9063,17.1732,16.8173,16.9063,902550
BID,1/8/2016,17.1732,17.1732,16.2834,16.7283,1217770
BID,1/7/2016,17.885,17.974,16.9062,17.1732,2583350
BID,1/6/2016,17.7961,18.0631,17.7961,17.974,895200
BID,1/5/2016,17.974,18.152,17.796,17.8851,1104280
BID,1/4/2016,18.508,18.508,17.9741,17.974,1019270
BID,12/31/2015,18.4189,18.5969,18.241,18.33,1000490
BID,12/30/2015,18.4189,18.7748,18.4189,18.5079,1242400
BID,12/29/2015,18.063,18.4189,17.885,18.4189,979430
BID,12/28/2015,18.152,18.241,17.7961,17.974,1567150
BID,12/25/2015,18.241,18.5079,18.152,18.152,1179440
BID,12/24/2015,18.5969,18.5969,18.2409,18.241,625710
BID,12/23/2015,18.5969,18.8638,18.4189,18.4189,660920
BID,12/22/2015,18.4189,18.9528,18.3299,18.5969,1438220
BID,12/21/2015,18.5969,18.6859,18.3299,18.4189,2292130
BID,12/18/2015,18.7749,19.1308,18.7749,18.9528,1297640
BID,12/17/2015,19.3978,19.3978,18.8639,19.1308,1962310
BID,12/16/2015,17.7961,18.5079,17.7961,18.33,6453910
BID,12/15/2015,17.7961,18.063,17.6181,17.7961,1710810
BID,12/14/2015,17.7961,18.152,17.7071,17.7961,479600
BID,12/11/2015,17.974,18.152,17.885,17.8851,938690
BID,12/10/2015,18.0631,18.33,17.9741,18.063,685510
BID,12/9/2015,18.8639,18.8639,18.33,18.33,317220
BID,12/8/2015,18.063,18.6859,17.9741,18.6859,859320
BID,12/7/2015,18.241,18.5079,18.152,18.241,615120
BID,12/4/2015,18.7748,18.8638,18.5079,18.5079,580460
BID,12/3/2015,19.0418,19.0418,18.8638,18.9528,903160
BID,12/2/2015,18.5079,19.3087,18.5079,18.8638,1343120
BID,12/1/2015,18.063,18.5079,17.974,18.4189,798460
BID,11/30/2015,18.6859,18.6859,17.885,18.152,1245420
BID,11/27/2015,19.3088,19.3088,18.8639,18.9528,1031890
BID,11/26/2015,19.0418,19.5757,19.0418,19.2198,2465300
BID,11/25/2015,20.1985,20.4655,19.9316,20.1096,449700
BID,11/24/2015,20.5544,20.6434,20.2875,20.3765,573180
BID,11/23/2015,20.7324,20.9104,20.6435,20.6434,483040
BID,11/20/2015,20.8214,20.9104,20.6434,20.9104,796570
BID,11/19/2015,20.9104,20.9994,20.7324,20.8214,222220
BID,11/18/2015,20.8214,20.9104,20.7324,20.8214,376510
BID,11/17/2015,20.9994,20.9994,20.7324,20.8214,487770
BID,11/16/2015,20.9993,21.0883,20.7324,20.9104,204700
BID,11/13/2015,20.7324,21.0883,20.4655,21.0883,577460
BID,11/12/2015,20.5545,20.8214,20.3765,20.7324,722320
BID,11/11/2015,20.8214,20.9104,20.5545,20.5545,285280
BID,11/10/2015,21.0883,21.0883,20.7324,20.8214,644920
BID,11/9/2015,20.9994,21.2663,20.9104,21.0883,360310
BID,11/6/2015,20.9994,21.3553,20.8214,20.9994,700470
BID,11/5/2015,20.9993,21.1773,20.9103,20.9994,578350
BID,11/4/2015,21.3553,21.5333,21.0884,21.0883,755690
BID,11/3/2015,21.4443,21.4443,21.1774,21.3553,686240
BID,11/2/2015,21.3553,21.7112,21.3553,21.4443,856570
BID,10/30/2015,21.4442,21.6222,21.3552,21.4443,444740
BID,10/29/2015,21.5333,21.6222,21.3553,21.5332,729800
BID,10/28/2015,21.6222,21.8002,21.3553,21.3553,583210
BID,10/27/2015,21.7112,21.8891,21.6222,21.7112,759540
BID,10/26/2015,21.9782,21.9782,21.6223,21.6222,743780
BID,10/23/2015,21.8002,21.9782,21.6223,21.8892,1075700
BID,10/22/2015,21.3553,21.7112,21.1773,21.4443,312420
BID,10/21/2015,21.3553,21.6222,21.1773,21.3553,749170
BID,10/20/2015,21.7112,21.8002,21.3553,21.3553,992240
BID,10/19/2015,21.8002,21.8892,21.6222,21.8002,589810
BID,10/16/2015,21.7112,21.9781,21.6222,21.8002,1057440
BID,10/15/2015,21.8002,21.9781,21.5332,21.7112,1234690
BID,10/14/2015,21.8892,21.8892,21.6223,21.7112,776170
BID,10/13/2015,21.8002,22.0671,21.7112,21.8892,783600
BID,10/12/2015,21.5332,22.1561,21.5332,21.8002,1027720
BID,10/9/2015,21.8001,22.1561,21.5332,21.7112,1805900
BID,10/8/2015,21.3553,21.8002,21.3553,21.5332,894920
BID,10/7/2015,22.0672,22.0672,21.3553,21.3553,764870
BID,10/6/2015,21.3553,21.9782,21.3553,21.8892,1791950
BID,10/5/2015,20.8214,21.0883,20.7324,20.9994,499560
BID,10/2/2015,20.9104,20.9104,20.6435,20.6434,577300
BID,10/1/2015,20.9993,21.2663,20.9103,20.9104,201000
BID,9/30/2015,20.9104,21.2663,20.9104,21.0883,600380
BID,9/29/2015,20.6435,20.9994,20.5545,20.9104,1326250
BID,9/28/2015,21.3553,21.3553,20.9104,20.9104,825810
BID,9/25/2015,21.2663,21.5332,21.1773,21.3553,762190
BID,9/24/2015,21.6222,21.8001,21.2663,21.2663,1178880
BID,9/23/2015,21.4443,21.6223,21.1774,21.5332,2326020
BID,9/22/2015,22.0671,22.1561,21.7112,21.8892,893470
BID,9/21/2015,21.8002,22.2451,21.3553,22.0671,761850
BID,9/18/2015,20.5544,22.0671,20.5544,21.8002,6916750
BID,9/17/2015,22.0672,22.0672,22.0672,22.0671,68170
BID,9/16/2015,23.6688,23.6688,23.6688,23.6688,130560
BID,9/15/2015,25.3594,25.3594,24.7366,25.3594,9105340
BID,9/14/2015,23.7578,23.7578,23.7578,23.7578,1337100
BID,9/11/2015,22.512,22.779,22.1561,22.2451,1772310
BID,9/10/2015,22.512,23.0459,22.423,22.601,1899900
BID,9/9/2015,23.5798,23.5798,22.8679,22.9569,2989190
BID,9/8/2015,21.1773,22.601,21.1773,22.601,4291870
BID,9/7/2015,20.9994,21.6222,20.8214,21.1773,2195310
BID,9/4/2015,20.4655,20.9104,20.4655,20.4655,916910
BID,9/3/2015,20.9994,20.9994,20.3765,20.7324,1626640
BID,9/1/2015,20.4654,21.0883,20.3765,20.9994,1682720
BID,8/31/2015,20.7324,20.8214,20.2875,20.6434,1706340
BID,8/28/2015,20.1096,20.7325,20.0206,20.7324,2490750
BID,8/27/2015,19.8426,20.1985,19.6646,20.1096,2536570
BID,8/26/2015,18.152,19.3977,18.152,19.3977,1858500
BID,8/25/2015,16.9063,18.3299,16.9063,18.152,2327500
BID,8/24/2015,18.8638,18.8638,17.6181,17.6181,3840300
BID,8/21/2015,18.5079,19.0418,17.7961,18.8638,2601620
BID,8/20/2015,19.1308,19.6647,18.8639,19.0418,1138910
BID,8/19/2015,18.7749,20.0206,18.7749,19.5757,1307770
BID,8/18/2015,18.5079,19.5757,18.33,19.5757,2133850
BID,8/17/2015,19.8426,19.9316,18.5969,18.6859,2910110
BID,8/14/2015,19.6394,20.2614,19.4616,19.9316,1208870
BID,8/13/2015,20.3155,20.3155,19.5505,19.5505,2592400
BID,8/12/2015,20.5706,20.7406,20.2306,20.3155,1738480
BID,8/11/2015,20.4005,21.3355,20.3155,20.8256,2912710
BID,8/10/2015,19.8905,20.3155,19.8055,20.3155,741270
BID,8/7/2015,19.8905,20.0605,19.5505,19.8905,1370750
BID,8/6/2015,20.5705,20.6555,19.6355,19.8905,2485570
BID,8/5/2015,20.2305,20.6555,20.2305,20.4855,1689600
BID,8/4/2015,21.1656,21.2506,20.0606,20.1455,3000080
BID,8/3/2015,21.5056,21.5056,20.6556,21.1656,3550470
BID,7/31/2015,22.2706,22.4406,21.6756,21.6756,1560060
BID,7/30/2015,21.9306,22.1856,21.7606,22.0156,1024140
BID,7/29/2015,22.2706,22.4406,21.8456,21.9306,1850030
BID,7/28/2015,22.3556,22.6956,22.1006,22.1006,1836300
BID,7/27/2015,21.7606,22.5256,21.7606,22.3556,1747310
BID,7/24/2015,22.0156,22.1856,21.7606,21.8456,1457980
BID,7/23/2015,22.5256,22.7806,22.0156,22.0156,3037270
BID,7/22/2015,21.0806,22.4406,21.0806,22.4406,1793210
BID,7/21/2015,21.2506,21.5906,21.0806,21.2506,2000630
BID,7/20/2015,21.2506,21.5056,20.8256,21.2506,2687400
BID,7/17/2015,21.8456,21.9306,21.5906,21.5906,1601570
BID,7/16/2015,21.9306,22.1006,21.5056,21.9306,1999870
BID,7/15/2015,22.5256,22.8656,21.9306,22.1006,2917830
BID,7/14/2015,21.8456,22.8656,21.6756,22.4406,3092980
BID,7/13/2015,21.8456,22.2706,21.4206,21.9306,2417630
BID,7/10/2015,21.8456,22.0156,21.5056,21.8456,3914560
BID,7/9/2015,21.4206,22.2706,21.3356,21.5056,5260640
BID,7/8/2015,22.3556,23.2906,21.3356,22.0156,4433040
BID,7/7/2015,21.5056,22.9506,20.9956,22.6956,3130440
BID,7/6/2015,21.1656,21.7606,20.9956,21.5056,2877760
BID,7/3/2015,20.4005,21.2505,19.9755,20.9106,2702600
BID,7/2/2015,18.5305,19.8905,18.5305,19.8905,4039430
BID,7/1/2015,18.8705,18.9555,18.4455,18.6155,1437650
BID,6/30/2015,18.7005,19.2955,18.7005,18.7855,2042130
BID,6/29/2015,18.1055,18.9555,18.0205,18.8705,2151360
BID,6/26/2015,19.2955,19.2955,18.2755,18.2755,2965660
BID,6/25/2015,19.1255,19.3805,18.7855,19.2955,1556650
BID,6/24/2015,19.2105,19.2955,19.0405,19.2105,1771700
BID,6/23/2015,19.1255,19.3805,18.9555,19.2955,1958010
BID,6/22/2015,18.5305,19.1255,18.5305,19.1255,3260090
BID,6/19/2015,18.3605,18.8705,18.2755,18.5305,1947610
BID,6/18/2015,18.2755,18.4455,18.1055,18.1055,697040
BID,6/17/2015,18.0205,18.4455,17.9355,18.2755,1396270
BID,6/16/2015,18.8705,19.0405,18.2755,18.2755,1682910
BID,6/15/2015,18.1055,18.7005,18.0205,18.7005,2040050
BID,6/12/2015,18.1905,18.3605,17.9355,18.0205,1291230
BID,6/11/2015,18.1905,18.4455,17.8505,18.1905,1450590
BID,6/10/2015,18.0205,18.1055,17.5105,18.0205,2616750
BID,6/9/2015,18.5305,18.7005,17.8505,18.0205,3117630
BID,6/8/2015,18.9555,19.2105,18.5305,18.5305,2974130
BID,6/5/2015,17.4255,18.6155,17.4255,18.5305,2937100
BID,6/4/2015,17.5105,17.9355,17.3405,17.5105,2761430
BID,6/3/2015,17.5955,18.0205,17.1705,17.5105,1709380
BID,6/2/2015,17.7655,18.6155,17.4255,17.5105,3699620
BID,6/1/2015,17.1705,18.3605,16.9155,17.7655,2520640
BID,5/29/2015,17.1705,17.5955,17.0005,17.1705,2213330
BID,5/28/2015,16.6604,17.5954,16.4904,17.2555,3016040
BID,5/27/2015,16.2354,16.9154,16.1504,16.5754,2260150
BID,5/26/2015,15.8104,16.4054,15.7254,16.3204,2855890
BID,5/25/2015,15.4704,15.8954,15.4704,15.8104,1170460
BID,5/22/2015,15.1304,15.6404,15.1304,15.5554,1889170
BID,5/21/2015,15.2154,15.3854,15.1304,15.1304,984730
BID,5/20/2015,14.7054,15.2154,14.7054,15.1304,1103900
BID,5/19/2015,14.7054,14.7904,14.5354,14.7054,481540
BID,5/18/2015,14.7054,14.7904,14.4504,14.5354,677080
BID,5/15/2015,14.9604,15.0454,14.7054,14.7054,1013200
BID,5/14/2015,14.7054,15.0454,14.5354,14.8754,804260
BID,5/13/2015,14.8754,14.9604,14.4504,14.7054,1621480
BID,5/12/2015,15.0454,15.1304,14.5354,14.8754,1428100
BID,5/11/2015,15.2154,15.3004,15.0454,15.0454,465380
BID,5/8/2015,15.1128,15.2826,14.8581,15.2154,1376640
BID,5/7/2015,14.1309,14.8535,14.1309,14.7732,771260
BID,5/6/2015,14.4521,14.6127,14.1309,14.2915,761530
BID,5/5/2015,14.2112,14.5323,13.7294,14.4521,1981420
BID,5/4/2015,15.0944,15.0944,14.0506,14.0506,1881900
BID,4/27/2015,15.255,15.4156,15.0944,15.0944,950380
BID,4/24/2015,15.0141,15.255,15.0141,15.255,684920
BID,4/23/2015,15.0141,15.0944,14.7732,14.9338,1127420
BID,4/22/2015,15.0944,15.255,14.7732,14.9338,2705440
BID,4/21/2015,15.255,15.4959,15.0944,15.0944,2204810
BID,4/20/2015,15.4155,15.4958,15.2549,15.3353,1284590
BID,4/17/2015,15.7367,15.8973,15.4958,15.4958,2686790
BID,4/16/2015,15.255,15.817,15.255,15.7367,4920810
BID,4/15/2015,15.0944,15.3353,15.0944,15.255,2069480
BID,4/14/2015,15.255,15.5762,15.1747,15.255,5097900
BID,4/13/2015,15.255,15.4156,15.0141,15.255,1486590
BID,4/10/2015,15.0944,15.4959,15.0944,15.255,3852170
BID,4/9/2015,14.7732,15.1747,14.7732,15.1747,2454430
BID,4/8/2015,14.7732,14.9338,14.6929,14.8535,910500
BID,4/7/2015,14.2112,14.7732,14.2112,14.7732,2636680
BID,4/6/2015,14.2915,14.3718,14.2112,14.2915,569590
BID,4/3/2015,14.3718,14.4521,14.2112,14.2915,1450020
BID,4/2/2015,14.0506,14.3717,13.89,14.3718,1271640
BID,4/1/2015,14.1309,14.2112,13.89,13.89,1268780
BID,3/31/2015,13.7294,14.2914,13.7294,14.1309,1169760
BID,3/30/2015,14.2112,14.2915,13.89,13.89,1263880
BID,3/27/2015,14.3718,14.4521,14.1309,14.2112,1477530
BID,3/26/2015,13.8097,14.452,13.8097,14.2915,2105980
BID,3/25/2015,13.8901,14.131,13.7295,13.9703,1102480
BID,3/24/2015,13.7294,13.8097,13.4083,13.8098,2786500
BID,3/23/2015,14.3718,14.5324,13.8098,13.89,1769900
BID,3/20/2015,14.1309,14.4521,14.1309,14.3718,1173340
BID,3/19/2015,14.5324,14.6127,14.1309,14.2112,1820330
BID,3/18/2015,14.6126,14.6929,14.3717,14.4521,2495840
BID,3/17/2015,14.6929,14.8535,14.6126,14.6929,1211420
BID,3/16/2015,14.8535,14.9338,14.6929,14.6929,1402610
BID,3/13/2015,14.8535,15.0944,14.8535,14.9338,2433590
BID,3/12/2015,14.6929,14.8535,14.6929,14.7732,1252200
BID,3/11/2015,14.5323,14.9338,14.5323,14.6929,1830980
BID,3/10/2015,14.4521,14.7733,14.4521,14.6929,1700740
BID,3/9/2015,14.8535,14.9338,14.4521,14.5324,1681020
BID,3/6/2015,14.4521,15.0141,14.3718,14.8535,3674670
BID,3/5/2015,14.9338,15.0141,14.5324,14.5324,2812950
BID,3/4/2015,14.9338,15.0141,14.6929,14.9338,3163180
BID,3/3/2015,14.8535,15.0944,14.8535,14.9338,2069810
BID,3/2/2015,14.7732,15.0141,14.6929,14.8535,2321900
BID,2/27/2015,15.1747,15.3353,14.8535,14.9338,2068430
BID,2/26/2015,14.8535,15.2549,14.8535,15.1747,2272350
BID,2/25/2015,15.0944,15.4155,14.7732,14.8535,6844330
BID,2/24/2015,14.5324,14.9338,14.4521,14.8535,2604540
BID,2/13/2015,14.2915,14.5324,14.0506,14.2915,2237110
BID,2/12/2015,14.5324,14.6127,14.0507,14.2915,2683000
BID,2/11/2015,14.2915,14.6127,14.2112,14.5324,2092460
BID,2/10/2015,14.2914,14.5323,14.1309,14.3718,3685400
BID,2/9/2015,13.8097,14.2112,13.7294,13.89,4540560
BID,2/6/2015,13.2477,13.9703,13.0871,13.9703,2719610
BID,2/5/2015,12.6857,13.2477,12.6857,13.1674,1889090
BID,2/4/2015,12.6054,12.766,12.1237,12.6054,4557400
BID,2/3/2015,14.0507,14.0507,12.8463,12.8463,4755860
BID,2/2/2015,13.9703,14.2112,13.8097,13.8098,2416500
BID,1/30/2015,14.452,14.5323,13.9703,14.0506,4223660
BID,1/29/2015,14.8535,15.0944,14.3718,14.6126,4488270
BID,1/28/2015,13.9703,14.9338,13.9703,14.9338,7664440
BID,1/27/2015,13.89,14.452,13.7294,13.9703,6307270
BID,1/26/2015,13.9703,14.1309,13.8097,13.9703,2805130
BID,1/23/2015,13.8097,14.2112,13.7295,13.9703,5685560
BID,1/22/2015,12.6054,13.4083,12.3645,13.4083,4915010
BID,1/21/2015,13.0069,13.0872,12.6055,12.6054,1726690
BID,1/20/2015,13.0871,13.1674,12.8462,13.0069,1468560
BID,1/19/2015,13.2478,13.4886,13.0069,13.1674,3218140
BID,1/16/2015,13.2477,13.4083,13.0068,13.0069,2253150
BID,1/15/2015,13.0872,13.5689,13.0872,13.1674,3854730
BID,1/14/2015,13.0068,13.5688,12.766,13.0872,3626720
BID,1/13/2015,12.5251,13.2477,12.5251,13.1674,4239540
BID,1/12/2015,12.0433,12.4448,11.9631,12.4448,3509140
BID,1/9/2015,10.9193,11.6419,10.9193,11.6419,3291280
BID,1/8/2015,10.9193,11.0799,10.7587,10.9193,798240
BID,1/7/2015,10.5982,10.9194,10.5179,10.9193,830630
BID,1/6/2015,10.277,10.6785,10.277,10.5982,403170
BID,1/5/2015,10.3573,10.4376,10.3573,10.3573,66380
BID,12/31/2014,10.3573,10.5179,10.1967,10.1967,214120
BID,12/30/2014,10.1967,10.3573,10.1967,10.3573,128410
BID,12/29/2014,10.3573,10.4376,10.1967,10.1967,86380
BID,12/26/2014,10.4376,10.4376,10.277,10.277,84170
BID,12/25/2014,10.3573,10.4376,10.277,10.4376,102730
BID,12/24/2014,10.4376,10.5179,10.3573,10.4376,92620
BID,12/23/2014,10.5179,10.5982,10.4376,10.5179,146840
BID,12/22/2014,10.3573,10.5982,10.3573,10.5179,364470
BID,12/19/2014,10.3573,10.4376,10.1967,10.3573,51430
BID,12/18/2014,10.277,10.3573,10.1967,10.3573,72360
BID,12/17/2014,10.277,10.4376,10.0361,10.1967,373740
BID,12/16/2014,10.4376,10.5179,10.3573,10.3573,197950
BID,12/15/2014,10.5179,10.5982,10.5179,10.5179,124110
BID,12/12/2014,10.5179,10.6785,10.5179,10.5179,188780
BID,12/11/2014,10.4376,10.5982,10.3573,10.5179,310500
BID,12/10/2014,10.3573,10.5982,10.1967,10.4376,458660
BID,12/9/2014,10.5982,10.5982,10.277,10.3573,428590
BID,12/8/2014,10.7588,10.7588,10.5982,10.5982,220750
BID,12/5/2014,10.6785,10.8391,10.5982,10.7588,434010
BID,12/4/2014,10.5179,10.9193,10.4376,10.6785,801550
BID,12/3/2014,10.4376,10.5179,10.3573,10.5179,213520
BID,12/2/2014,10.3573,10.5179,10.1967,10.5179,495640
BID,12/1/2014,10.1967,10.3573,10.1967,10.3573,97520
BID,11/28/2014,10.1967,10.277,10.1967,10.1967,188610
BID,11/27/2014,10.277,10.277,10.1164,10.1967,361890
BID,11/26/2014,10.3573,10.4376,10.277,10.277,274110
BID,11/25/2014,10.3573,10.4376,10.3573,10.3573,150970
BID,11/24/2014,10.4376,10.4376,10.277,10.3573,202960
BID,11/21/2014,10.4376,10.5179,10.4376,10.4376,347440
BID,11/20/2014,10.5179,10.5179,10.4376,10.4376,140250
BID,11/19/2014,10.4376,10.5179,10.4376,10.5179,104150
BID,11/18/2014,10.4376,10.5982,10.4376,10.5179,244260
BID,11/17/2014,10.5982,10.5982,10.4376,10.5982,258110
BID,11/14/2014,10.5982,10.5982,10.4376,10.4376,223700
BID,11/13/2014,10.5179,10.5982,10.4376,10.5982,139390
BID,11/12/2014,10.5179,10.5179,10.4376,10.4376,124110
BID,11/11/2014,10.5179,10.5982,10.4376,10.4376,116250
BID,11/10/2014,10.5179,10.5982,10.5179,10.5179,113490
BID,11/7/2014,10.5179,10.5982,10.4376,10.5179,148180
BID,11/6/2014,10.4376,10.5982,10.4376,10.5179,237440
BID,11/5/2014,10.4376,10.5179,10.3573,10.3573,133390
BID,11/4/2014,10.5982,10.5982,10.4376,10.4376,109060
BID,11/3/2014,10.7588,10.8391,10.5982,10.5982,419180
BID,10/31/2014,10.277,10.839,10.1967,10.8391,372750
BID,10/30/2014,10.3573,10.3573,10.1967,10.277,69700
BID,10/29/2014,10.1967,10.3573,10.1967,10.277,189190
BID,10/28/2014,10.1164,10.1967,10.1164,10.1967,299750
BID,10/27/2014,10.3573,10.4376,10.1164,10.1164,353810
BID,10/24/2014,10.4376,10.5982,10.4376,10.4376,127540
BID,10/23/2014,10.5982,10.5982,10.4376,10.5179,311540
BID,10/22/2014,10.5982,10.6785,10.5179,10.5982,159840
BID,10/21/2014,10.5179,10.5982,10.5179,10.5982,155550
BID,10/20/2014,10.5982,10.5982,10.4376,10.5982,100900
BID,10/17/2014,10.5179,10.5982,10.3573,10.5179,414390
BID,10/16/2014,10.6785,10.7588,10.5179,10.5179,221660
BID,10/15/2014,10.6785,10.7588,10.5982,10.6785,272660
BID,10/14/2014,10.9194,10.9194,10.6785,10.6785,257940
BID,10/13/2014,10.9996,10.9996,10.7587,10.8391,302560
BID,10/10/2014,10.9996,10.9996,10.9193,10.9193,423660
BID,10/9/2014,10.9996,11.0799,10.9193,10.9996,433470
BID,10/8/2014,11.0799,11.0799,10.9193,10.9996,669460
BID,10/7/2014,11.1602,11.1602,11.0799,11.0799,258270
BID,10/6/2014,11.1602,11.1602,11.0799,11.1602,288640
BID,10/3/2014,11.1602,11.2405,11.0799,11.1602,108820
BID,10/2/2014,11.0799,11.1602,11.0799,11.1602,343140
BID,10/1/2014,11.0799,11.1602,11.0799,11.0799,250860
BID,9/30/2014,11.1602,11.1602,10.9996,11.0799,230550
BID,9/29/2014,11.0799,11.2405,11.0799,11.1602,368070
BID,9/26/2014,11.1602,11.2405,11.0799,11.0799,97740
BID,9/25/2014,11.0799,11.2405,10.9996,11.1602,335400
BID,9/24/2014,11.0799,11.1602,10.9996,10.9996,206180
BID,9/23/2014,11.0799,11.1602,10.9996,11.0799,269030
BID,9/22/2014,11.1602,11.2405,11.0799,11.0799,354320
BID,9/19/2014,11.1602,11.2405,11.0799,11.1602,225530
BID,9/18/2014,11.2405,11.2405,11.0799,11.1602,221490
BID,9/17/2014,11.1602,11.2405,11.0799,11.1602,434550
BID,9/16/2014,11.2405,11.2405,11.0799,11.1602,473890
BID,9/15/2014,11.3208,11.4011,11.1602,11.2405,392500
BID,9/12/2014,11.3208,11.4011,11.2405,11.3208,250500
BID,9/11/2014,11.4011,11.4011,11.2405,11.3208,209860
BID,9/10/2014,11.3208,11.4011,11.2405,11.3208,252240
BID,9/9/2014,11.4011,11.4814,11.2405,11.4011,399870
BID,9/8/2014,11.5617,11.5617,11.4011,11.4011,846120
BID,9/5/2014,11.5616,11.6419,11.401,11.5617,739480
BID,9/4/2014,11.7222,11.8828,11.5616,11.6419,390050
BID,9/3/2014,11.9631,12.1237,11.7222,11.8025,593880
BID,8/29/2014,11.2405,11.9631,11.1602,11.9631,2090500
BID,8/28/2014,11.1602,11.2405,11.1602,11.2405,202330
BID,8/27/2014,11.3208,11.3208,11.1602,11.1602,227180
BID,8/26/2014,11.2405,11.3208,11.1602,11.3208,367320
BID,8/25/2014,11.2405,11.2405,11.1602,11.1602,313870
BID,8/22/2014,11.4011,11.4011,11.1602,11.1602,585500
BID,8/21/2014,11.3208,11.4011,11.1602,11.4011,475540
BID,8/20/2014,11.1602,11.2405,11.1602,11.2405,370800
BID,8/19/2014,11.1602,11.2405,11.1602,11.1602,343930
BID,8/18/2014,11.3208,11.4011,11.0799,11.1602,721730
BID,8/15/2014,11.5617,11.5617,11.4011,11.4011,202100
BID,8/14/2014,11.5616,11.7222,11.4813,11.4814,261390
BID,8/13/2014,11.4814,11.642,11.4011,11.6419,329460
BID,8/12/2014,11.6419,11.6419,11.4813,11.5617,252780
BID,8/11/2014,11.8025,11.8828,11.6419,11.6419,256040
BID,8/8/2014,12.003,12.003,11.683,11.8828,899050
BID,8/7/2014,11.7671,11.9189,11.7671,11.843,603770
BID,8/6/2014,11.9189,11.9189,11.7671,11.843,278630
BID,8/5/2014,11.9189,11.9948,11.843,11.9189,730130
BID,8/4/2014,11.6152,11.9948,11.6152,11.9189,1466890
BID,8/1/2014,11.5393,11.6911,11.5393,11.6152,406370
BID,7/31/2014,11.5393,11.6152,11.4634,11.5393,356880
BID,7/30/2014,11.4634,11.6911,11.3875,11.5393,1349570
BID,7/29/2014,11.6911,11.6911,11.4634,11.4634,242380
BID,7/28/2014,11.6152,11.6911,11.4634,11.6152,450520
BID,7/25/2014,11.2356,11.9188,11.2356,11.6152,1736770
BID,7/24/2014,11.1597,11.3115,11.1597,11.2356,185940
BID,7/23/2014,11.3115,11.3115,11.1597,11.1597,142650
BID,7/22/2014,11.2357,11.3116,11.1598,11.2356,95750
BID,7/21/2014,11.3116,11.3875,11.2357,11.3116,126260
BID,7/18/2014,11.3875,11.3875,11.3116,11.3875,347570
BID,7/17/2014,11.3116,11.3875,11.2357,11.3116,103650
BID,7/16/2014,11.3875,11.3875,11.3116,11.3116,356200
BID,7/15/2014,11.2356,11.3115,11.1597,11.3116,355370
BID,7/14/2014,11.2357,11.3116,11.1598,11.2356,82990
BID,7/11/2014,11.3115,11.3115,11.2356,11.3116,117230
BID,7/10/2014,11.3875,11.3875,11.2357,11.2356,344960
BID,7/9/2014,11.3115,11.4633,11.2356,11.3875,304900
BID,7/8/2014,11.3875,11.4634,11.2357,11.2356,284940
BID,7/7/2014,11.4634,11.5393,11.3875,11.3875,252570
BID,7/4/2014,11.5393,11.5393,11.4634,11.5393,206750
BID,7/3/2014,11.5393,11.6152,11.4634,11.5393,391260
BID,7/2/2014,11.4634,11.6152,11.3875,11.5393,650420
BID,7/1/2014,11.4634,11.4634,11.3875,11.4634,375930
BID,6/30/2014,11.5393,11.5393,11.3875,11.5393,259480
BID,6/27/2014,11.3875,11.5393,11.3875,11.5393,295440
BID,6/26/2014,11.3116,11.6152,11.2357,11.4634,561760
BID,6/25/2014,11.3116,11.3875,11.2357,11.3875,282130
BID,6/24/2014,11.2357,11.3875,11.2357,11.3875,317550
BID,6/23/2014,11.1597,11.3115,11.1597,11.3116,210760
BID,6/20/2014,11.2357,11.3116,11.1598,11.1597,136260
BID,6/19/2014,11.2357,11.3116,11.0838,11.3116,310390
BID,6/18/2014,11.3116,11.3875,11.2357,11.3116,427080
BID,6/17/2014,11.3116,11.3875,11.2357,11.3116,241630
BID,6/16/2014,11.3116,11.3875,11.2357,11.3116,343780
BID,6/13/2014,11.2357,11.3875,11.1598,11.3116,507030
BID,6/12/2014,11.1597,11.3115,11.1597,11.3116,454450
BID,6/11/2014,11.1597,11.1597,11.0079,11.1597,361280
BID,6/10/2014,11.0079,11.2356,10.932,11.1597,216450
BID,6/9/2014,11.0838,11.1597,10.932,11.0079,162110
BID,6/6/2014,10.932,11.0838,10.932,11.0838,91870
BID,6/5/2014,11.0079,11.0079,10.8561,11.0079,54870
BID,6/4/2014,11.0079,11.0838,10.8561,11.0079,157450
BID,6/3/2014,11.0079,11.1597,11.0079,11.0079,168500
BID,6/2/2014,11.2356,11.2356,11.0079,11.0838,278960
BID,5/30/2014,11.2357,11.3116,11.1598,11.2356,192420
BID,5/29/2014,11.2357,11.3875,11.2357,11.3116,423040
BID,5/28/2014,11.3875,11.3875,11.2357,11.3116,404820
BID,5/27/2014,11.0838,11.3875,11.0838,11.3875,445140
BID,5/26/2014,11.0079,11.1597,11.0079,11.0838,103450
BID,5/23/2014,11.1597,11.1597,11.0079,11.1597,163360
BID,5/22/2014,11.3116,11.3116,11.0838,11.0838,233070
BID,5/21/2014,11.0838,11.3874,10.932,11.3116,604540
BID,5/20/2014,11.0079,11.1597,10.932,11.1597,181780
BID,5/19/2014,10.932,11.1597,10.932,11.0079,357580
BID,5/16/2014,10.7801,11.0838,10.7042,11.0838,333670
BID,5/15/2014,11.2356,11.2356,10.5524,10.7801,636940
BID,5/14/2014,10.6283,11.2356,10.6283,11.1597,473470
BID,5/13/2014,10.6283,10.7801,10.2487,10.7042,695610
BID,5/12/2014,11.1597,11.1597,10.4764,10.6283,520700
BID,5/9/2014,10.932,11.2356,10.932,11.2356,308830
BID,5/8/2014,11.6153,11.6153,11.0079,11.0838,1515840
BID,5/7/2014,11.5393,11.843,11.5393,11.7671,274120
BID,5/6/2014,11.7671,11.843,11.4634,11.5393,479520
BID,5/5/2014,12.0707,12.0707,11.7671,11.843,301760
BID,4/29/2014,11.9189,11.9948,11.9189,11.9948,202970
BID,4/28/2014,11.9189,11.9948,11.843,11.9189,336220
BID,4/25/2014,11.9189,12.1466,11.9189,11.9189,516240
BID,4/24/2014,11.9189,12.0707,11.9189,12.0707,288090
BID,4/23/2014,12.0707,12.0707,11.843,11.9948,217960
BID,4/22/2014,11.6912,11.9949,11.6153,11.9948,529160
BID,4/21/2014,12.0707,12.0707,11.6911,11.7671,565920
BID,4/18/2014,12.2226,12.2985,12.0708,12.0707,763370
BID,4/17/2014,12.1466,12.4503,12.1466,12.2226,681040
BID,4/16/2014,12.5262,12.5262,11.9948,12.1466,1065090
BID,4/15/2014,12.6022,12.6781,12.5263,12.5262,480360
BID,4/14/2014,12.678,12.7539,12.6021,12.6781,414100
BID,4/11/2014,12.6022,12.6781,12.5263,12.6021,670380
BID,4/10/2014,12.6781,12.754,12.6781,12.6781,485550
BID,4/8/2014,12.754,12.8299,12.6781,12.6781,515610
BID,4/7/2014,12.754,12.8299,12.6781,12.754,441790
BID,4/4/2014,12.8299,12.8299,12.6781,12.8299,608360
BID,4/3/2014,12.6781,12.8299,12.6022,12.754,519700
BID,4/2/2014,12.6781,12.754,12.5263,12.6781,1217110
BID,4/1/2014,12.8299,12.8299,12.6022,12.6781,1701600
BID,3/31/2014,12.9817,12.9817,12.754,12.754,831760
BID,3/28/2014,12.754,12.9058,12.754,12.9058,713160
BID,3/27/2014,12.8299,12.8299,12.6781,12.754,1026180
BID,3/26/2014,13.1335,13.1335,12.678,12.754,2030920
BID,3/25/2014,13.4372,13.4372,13.0576,13.0576,2051430
BID,3/24/2014,13.4372,13.665,13.3613,13.3613,2498010
BID,3/21/2014,13.2854,13.5131,13.2854,13.2854,1236010
BID,3/20/2014,13.2854,13.665,13.2854,13.4372,3325420
BID,3/19/2014,12.8299,13.2095,12.8299,13.2095,5624790
BID,3/18/2014,12.6021,12.8298,12.5262,12.754,2171570
BID,3/17/2014,12.6021,12.678,12.5262,12.6021,989350
BID,3/14/2014,12.6021,12.678,12.4503,12.6021,924510
BID,3/13/2014,12.6021,12.6021,12.4503,12.5262,806950
BID,3/12/2014,12.6021,12.678,12.5262,12.5262,979430
BID,3/11/2014,12.6022,12.6781,12.6022,12.6021,752790
BID,3/10/2014,12.6021,12.7539,12.6021,12.6781,957770
BID,3/7/2014,12.6021,12.678,12.6021,12.6021,773450
BID,3/6/2014,12.6021,12.678,12.5262,12.6021,768340
BID,3/5/2014,12.678,12.7539,12.6021,12.6021,737090
BID,3/4/2014,12.6022,12.6781,12.5263,12.6021,1551740
BID,3/3/2014,12.8299,12.9058,12.6781,12.6781,954830
BID,2/28/2014,12.754,12.9058,12.754,12.9058,1154560
BID,2/27/2014,12.6781,13.2095,12.6781,12.8299,3731900
BID,2/26/2014,12.6781,12.8299,12.6022,12.6781,1399670
BID,2/25/2014,12.6022,12.6781,12.5263,12.6781,1249150
BID,2/24/2014,12.754,12.754,12.6022,12.6781,833430
BID,2/21/2014,12.754,12.754,12.6781,12.6781,903040
BID,2/20/2014,12.678,13.0576,12.6021,12.8299,3243650
BID,2/19/2014,12.678,12.7539,12.5262,12.6021,2988120
BID,2/18/2014,12.6781,12.6781,12.6022,12.6021,1861540
BID,2/17/2014,12.8299,12.8299,12.6022,12.6781,1173560
BID,2/14/2014,12.7539,12.9058,12.6021,12.754,1489380
BID,2/13/2014,12.754,12.8299,12.6022,12.6021,2156140
BID,2/12/2014,12.754,12.8299,12.6781,12.754,1176180
BID,2/11/2014,13.0576,13.0576,12.8299,12.8299,1938480
BID,2/10/2014,12.5262,13.0576,12.2984,12.9058,4052090
BID,2/7/2014,13.2095,13.2854,12.5262,12.6021,2987600
BID,2/6/2014,13.8168,13.8927,13.3613,13.3613,959590
BID,1/27/2014,14.1964,14.2723,13.7409,13.9686,3240910
BID,1/24/2014,14.4241,14.8037,14.0446,14.2723,8417060
